City,Product Type,Trip or Order Status,Request Time,Begin Trip Time,Begin Trip Lat,Begin Trip Lng,Begin Trip Address,Dropoff Time,Dropoff Lat,Dropoff Lng,Dropoff Address,Distance (miles),Fare Amount,Fare Currency
Houston,UberEATS Marketplace,COMPLETED,2019-11-29 23:09:06 +0000 UTC,2019-11-29 23:43:57 +0000 UTC,29.6278978,-95.4033222,,2019-11-29 23:43:57 +0000 UTC,29.6278978,-95.4033222,,5.50,3.24,USD
Houston,UberX,COMPLETED,2019-10-08 16:02:02 +0000 UTC,2019-10-08 16:06:13 +0000 UTC,29.5578358,-95.3669633,"9515 Broadway St, Pearland, 77584, US",2019-10-08 16:18:37 +0000 UTC,29.6276704,-95.4034119,"2201 W Orem Dr, Houston, TX 77047, USA",7.26,8.86,USD
Houston,UberEATS Marketplace,COMPLETED,2019-09-28 02:29:55 +0000 UTC,2019-09-28 02:57:20 +0000 UTC,29.6278978,-95.4033222,,2019-09-28 02:57:20 +0000 UTC,29.6278978,-95.4033222,,5.06,16.99,USD
Houston,UberEATS Marketplace,COMPLETED,2019-09-25 19:50:14 +0000 UTC,2019-09-25 20:30:24 +0000 UTC,29.6278978,-95.4033222,,2019-09-25 20:30:24 +0000 UTC,29.6278978,-95.4033222,,4.42,18.73,USD
Houston,UberEATS Marketplace,COMPLETED,2019-09-18 03:15:02 +0000 UTC,2019-09-18 04:33:54 +0000 UTC,29.6278978,-95.4033222,,2019-09-18 04:33:54 +0000 UTC,29.6278978,-95.4033222,,4.83,13.29,USD
Houston,UberEATS Marketplace,COMPLETED,2019-09-10 21:01:30 +0000 UTC,2019-09-10 21:29:13 +0000 UTC,29.6278978,-95.4033222,,2019-09-10 21:29:13 +0000 UTC,29.6278978,-95.4033222,,1.39,11.36,USD
Houston,UberX,COMPLETED,2019-09-09 12:45:21 +0000 UTC,2019-09-09 12:56:07 +0000 UTC,29.83927,-95.53696,"4626 Windfern Rd, Houston, TX 77041, US",2019-09-09 13:35:45 +0000 UTC,29.62764,-95.40338,"2201 W Orem Dr, Houston, TX 77047, USA",29.34,41.34,USD
Houston,UberX,COMPLETED,2019-09-08 10:10:33 +0000 UTC,2019-09-08 10:24:34 +0000 UTC,29.83938,-95.53695,"4626 Windfern Rd, Houston, TX 77041, US",2019-09-08 10:54:06 +0000 UTC,29.6277,-95.4064,"2201 W Orem Dr, Houston, TX 77047, USA",24.66,31.19,USD
Houston,UberEATS Marketplace,COMPLETED,2019-09-07 04:17:40 +0000 UTC,2019-09-07 05:00:33 +0000 UTC,29.6278978,-95.4033222,,2019-09-07 05:00:33 +0000 UTC,29.6278978,-95.4033222,,2.59,9.87,USD
Houston,UberEATS Marketplace,COMPLETED,2019-08-18 19:42:31 +0000 UTC,2019-08-18 19:56:46 +0000 UTC,29.6278978,-95.4033222,,2019-08-18 19:56:46 +0000 UTC,29.6278978,-95.4033222,,1.26,9.89,USD
Houston,UberX,COMPLETED,2019-08-14 08:10:07 +0000 UTC,2019-08-14 08:13:59 +0000 UTC,29.8393907,-95.5370543,"4626 Windfern Rd, Houston, TX 77041, US",2019-08-14 08:51:18 +0000 UTC,29.6277848,-95.4063439,"2201 W Orem Dr, Houston, TX 77047, USA",28.79,31.47,USD
Houston,UberX,COMPLETED,2019-08-07 08:52:05 +0000 UTC,2019-08-07 09:01:38 +0000 UTC,29.83951,-95.53694,"4626 Windfern Rd, Houston, TX 77041, US",2019-08-07 09:31:43 +0000 UTC,29.62746,-95.40335,"2201 W Orem Dr, Houston, TX 77047, USA",24.72,31.08,USD
Houston,UberEATS Marketplace,COMPLETED,2019-08-05 03:16:55 +0000 UTC,2019-08-05 03:45:11 +0000 UTC,29.6278978,-95.4033222,,2019-08-05 03:45:11 +0000 UTC,29.6278978,-95.4033222,,1.39,15.13,USD
Houston,UberX,COMPLETED,2019-07-30 12:35:17 +0000 UTC,2019-07-30 12:52:25 +0000 UTC,29.62767,-95.40346,"2201 Orem Dr, Houston, TX 77047, US",2019-07-30 13:12:55 +0000 UTC,29.65461,-95.2762,"William P. Hobby Airport, 7800 Airport Blvd, Houston, TX 77061, USA",9.62,16.28,USD
Houston,UberX,COMPLETED,2019-07-12 13:37:39 +0000 UTC,2019-07-12 13:50:17 +0000 UTC,29.7102749,-95.4004751,"6565 Fannin St, Houston, TX 77030, US",2019-07-12 14:14:49 +0000 UTC,29.6277463,-95.40629,"2201 W Orem Dr, Houston, TX 77047, USA",8.72,14.95,USD
Houston,UberX,COMPLETED,2019-07-11 19:09:27 +0000 UTC,2019-07-11 19:19:12 +0000 UTC,29.6277642,-95.4047607,"2 W Orem Dr, Houston, TX 77047, USA",2019-07-11 19:49:18 +0000 UTC,29.7835913,-95.5126049,"9055 Katy Fwy, Houston, TX 77024, USA",20.36,26.9,USD
Houston,UberX,COMPLETED,2019-07-09 18:58:44 +0000 UTC,2019-07-09 19:08:34 +0000 UTC,29.8908136,-95.5830414,"17430 Northwest Fwy, Jersey Village, TX 77040, USA",2019-07-09 19:11:43 +0000 UTC,29.8913467,-95.5847671,"17504 Northwest Fwy #400, Houston, TX 77065, USA",0.20,5.46,USD
Houston,UberX,COMPLETED,2019-07-09 18:05:33 +0000 UTC,2019-07-09 18:10:13 +0000 UTC,29.8612975,-95.5632175,"6360 W Sam Houston Pkwy N Ste 200, Houston, TX 77041, US",2019-07-09 18:20:46 +0000 UTC,29.8905011,-95.5834005,"17430 Northwest Fwy, Jersey Village, TX 77040, USA",4.26,9.1,USD
Houston,UberX,COMPLETED,2019-07-09 16:51:38 +0000 UTC,2019-07-09 16:54:36 +0000 UTC,29.8396656,-95.5369624,"4626 Windfern Rd, Houston, TX 77041, US",2019-07-09 17:02:14 +0000 UTC,29.8612833,-95.5632495,"6360 West Sam Houston Pkwy N #200, Houston, TX 77041, USA",3.06,7.92,USD
Houston,UberEATS Marketplace,COMPLETED,2019-06-28 04:55:31 +0000 UTC,2019-06-28 05:18:28 +0000 UTC,29.6278978,-95.4033222,,2019-06-28 05:18:28 +0000 UTC,29.6278978,-95.4033222,,1.39,15.39,USD
Houston,UberX,COMPLETED,2019-06-15 22:47:59 +0000 UTC,2019-06-15 22:56:45 +0000 UTC,29.65577,-95.27711,William P. Hobby Airport,2019-06-15 23:18:18 +0000 UTC,29.6277,-95.40334,"2201 W Orem Dr, Houston, TX 77047, USA",9.87,17.44,USD
Houston,UberXL,COMPLETED,2019-06-04 09:27:01 +0000 UTC,2019-06-04 09:45:56 +0000 UTC,29.6276788,-95.4034577,"2201 Orem Dr, Houston, TX 77047, US",2019-06-04 10:26:50 +0000 UTC,29.9869871,-95.3491361,"George Bush Intercontinental Airport (IAH), 2800 N Terminal Rd, Houston, TX 77032, USA",32.20,72.19,USD
Houston,UberX,COMPLETED,2019-04-30 05:04:55 +0000 UTC,2019-04-30 05:15:12 +0000 UTC,29.9862959,-95.3496716,Terminal A - Baggage Claim Level,2019-04-30 05:56:44 +0000 UTC,29.627709,-95.4034401,"2201 W Orem Dr, Houston, TX 77047, USA",36.92,38.72,USD
Chicago,Pool: MATCHED,COMPLETED,2019-04-29 20:57:28 +0000 UTC,2019-04-29 21:08:04 +0000 UTC,41.68107,-88.15332,"1919 Great Plains Way, Bolingbrook, IL 60490, US",2019-04-29 22:03:53 +0000 UTC,41.97759,-87.89995,"10000 W O'Hare Ave, Chicago, IL 60666, USA",37.09,48.3,USD
Chicago,Pool: MATCHED,COMPLETED,2019-03-16 00:17:08 +0000 UTC,2019-03-16 00:25:36 +0000 UTC,41.6638906606,-88.1099807577,"1000 Windham Pkwy, Romeoville, IL 60446, USA",2019-03-16 00:34:34 +0000 UTC,41.6811452475,-88.1534075889,"1919 Great Plains Way, Bolingbrook, IL 60490, USA",3.76,9.22,USD
Chicago,Pool,COMPLETED,2019-03-15 23:40:26 +0000 UTC,2019-03-15 23:48:49 +0000 UTC,41.6809985359,-88.1533342947,"1919 Great Plains Way, Bolingbrook, IL 60490, US",2019-03-15 23:58:58 +0000 UTC,41.6648452498,-88.1100625729,"1000 Windham Pkwy, Romeoville, IL 60446, USA",3.79,8.63,USD
Chicago,Pool,COMPLETED,2019-03-09 13:05:10 +0000 UTC,2019-03-09 13:09:21 +0000 UTC,41.66468,-88.11006,"1070 Windham Pkwy, Romeoville, IL 60446, USA",2019-03-09 13:16:00 +0000 UTC,41.68099,-88.15329,"1919 Great Plains Way, Bolingbrook, IL 60490, USA",3.80,8.75,USD
Chicago,Pool,COMPLETED,2019-03-09 00:39:13 +0000 UTC,2019-03-09 00:47:28 +0000 UTC,41.68121,-88.15353,"1919 Great Plains Way, Bolingbrook, IL 60490, US",2019-03-09 00:57:54 +0000 UTC,41.66484,-88.11004,"1000 Windham Pkwy, Romeoville, IL 60446, USA",4.50,8.98,USD
Chicago,Pool,COMPLETED,2019-03-02 13:07:13 +0000 UTC,2019-03-02 13:12:23 +0000 UTC,41.66468,-88.11021,"1070 Windham Pkwy, Romeoville, IL 60446, USA",2019-03-02 13:18:27 +0000 UTC,41.68114,-88.15329,"1919 Great Plains Way, Bolingbrook, IL 60490, USA",3.78,8.7,USD
Chicago,Pool,COMPLETED,2019-03-02 00:37:24 +0000 UTC,2019-03-02 00:42:28 +0000 UTC,41.6811445014,-88.1532885963,"1919 Great Plains Way, Bolingbrook, IL 60490, US",2019-03-02 00:54:06 +0000 UTC,41.6646727671,-88.1099475385,"1000 Windham Pkwy, Romeoville, IL 60446, USA",4.03,8.86,USD
Chicago,UberEATS Marketplace,COMPLETED,2019-03-01 01:25:26 +0000 UTC,2019-03-01 01:25:32 +0000 UTC,41.6808639,-88.1532685,,2019-03-01 02:07:57 +0000 UTC,41.6808639,-88.1532685,,3.33,6.24,USD
Chicago,Pool,CANCELED,2019-03-01 00:38:05 +0000 UTC,1970-01-01 00:00:00 +0000 UTC,41.6777449512,-88.101932249,,1970-01-01 00:00:00 +0000 UTC,41.6753233454,-88.1251516435,"1000 Windham Pkwy, Romeoville, IL 60446, USA",0.00,3,USD
Chicago,Pool,COMPLETED,2019-02-23 13:04:21 +0000 UTC,2019-02-23 13:12:05 +0000 UTC,41.66498,-88.11008,"1070 Windham Pkwy, Romeoville, IL 60446, USA",2019-02-23 13:20:02 +0000 UTC,41.68114,-88.15332,"1919 Great Plains Way, Bolingbrook, IL 60490, USA",3.80,8.06,USD
Chicago,Pool,COMPLETED,2019-02-23 00:39:06 +0000 UTC,2019-02-23 00:42:01 +0000 UTC,41.6811058766,-88.1533162729,"1919 Great Plains Way, Bolingbrook, IL 60490, US",2019-02-23 00:52:17 +0000 UTC,41.6649137373,-88.1100109784,"1000 Windham Pkwy, Romeoville, IL 60446, USA",4.27,8.98,USD
Chicago,Pool,COMPLETED,2019-02-22 01:11:26 +0000 UTC,2019-02-22 01:20:36 +0000 UTC,41.6639579701,-88.1101064347,"1070 Windham Pkwy, Romeoville, IL 60446, USA",2019-02-22 01:30:01 +0000 UTC,41.6810291546,-88.1533030338,"1919 Great Plains Way, Bolingbrook, IL 60490, USA",3.74,8.23,USD
Chicago,Pool: MATCHED,COMPLETED,2019-02-22 00:44:49 +0000 UTC,2019-02-22 00:49:19 +0000 UTC,41.68106,-88.1533,"1919 Great Plains Way, Bolingbrook, IL 60490, US",2019-02-22 00:58:38 +0000 UTC,41.66485,-88.11009,"1000 Windham Pkwy, Romeoville, IL 60446, USA",4.05,8.27,USD
Chicago,Pool,COMPLETED,2019-02-15 13:04:15 +0000 UTC,2019-02-15 13:11:40 +0000 UTC,41.66429,-88.11014,"1070 Windham Pkwy, Romeoville, IL 60446, USA",2019-02-15 13:22:34 +0000 UTC,41.68106,-88.15329,,3.74,8.33,USD
Chicago,Pool,COMPLETED,2019-02-15 00:33:21 +0000 UTC,2019-02-15 00:43:40 +0000 UTC,41.6810524133,-88.1532524864,"1919 Great Plains Way, Bolingbrook, IL 60490, US",2019-02-15 00:53:15 +0000 UTC,41.6646616433,-88.1099079531,"1000 Windham Pkwy, Romeoville, IL 60446, USA",4.26,8.28,USD
Chicago,UberEATS Marketplace,COMPLETED,2019-02-13 20:55:00 +0000 UTC,2019-02-13 20:55:08 +0000 UTC,41.6808639,-88.1532685,,2019-02-13 21:28:33 +0000 UTC,41.6808639,-88.1532685,,3.33,15.32,USD
Chicago,UberEATS Marketplace,COMPLETED,2019-02-12 20:01:26 +0000 UTC,2019-02-12 20:01:45 +0000 UTC,41.6808639,-88.1532685,,2019-02-12 20:26:04 +0000 UTC,41.6808639,-88.1532685,,3.33,17.04,USD
Chicago,Pool,COMPLETED,2019-02-09 01:20:17 +0000 UTC,2019-02-09 01:26:38 +0000 UTC,41.66476,-88.11022,"1070 Windham Pkwy, Romeoville, IL 60446, USA",2019-02-09 01:36:28 +0000 UTC,41.68103,-88.15333,"1919 Great Plains Way, Bolingbrook, IL 60490, USA",3.82,8.18,USD
Chicago,UberX,COMPLETED,2019-02-09 01:00:19 +0000 UTC,2019-02-09 01:07:43 +0000 UTC,41.68114,-88.15335,"1919 Great Plains Way, Bolingbrook, IL 60490, US",2019-02-09 01:18:51 +0000 UTC,41.66468,-88.10996,"1000 Windham Pkwy, Romeoville, IL 60446, USA",3.96,9.87,USD
Chicago,UberX,CANCELED,2019-02-09 00:44:35 +0000 UTC,1970-01-01 00:00:00 +0000 UTC,41.67578,-88.1116,,1970-01-01 00:00:00 +0000 UTC,41.7380591886,-87.9531673879,"1000 Windham Pkwy, Romeoville, IL 60446, USA",0.00,0,USD
Chicago,Pool,COMPLETED,2019-02-05 22:59:45 +0000 UTC,2019-02-05 23:09:03 +0000 UTC,41.68107,-88.15325,"1919 Great Plains Way, Bolingbrook, IL 60490, US",2019-02-05 23:12:39 +0000 UTC,41.683,-88.12681,"491 S Weber Rd, Bolingbrook, IL 60490, USA",1.42,7.54,USD
Chicago,UberEATS Marketplace,COMPLETED,2019-02-03 22:06:31 +0000 UTC,2019-02-03 22:06:42 +0000 UTC,41.6808639,-88.1532685,,2019-02-03 22:26:39 +0000 UTC,41.6808639,-88.1532685,,1.37,13.02,USD
Chicago,Pool,COMPLETED,2019-02-03 10:34:06 +0000 UTC,2019-02-03 10:50:41 +0000 UTC,41.6643500699,-88.1097114526,"1070 Windham Pkwy, Romeoville, IL 60446, USA",2019-02-03 10:58:58 +0000 UTC,41.6810934807,-88.1533297094,"1919 Great Plains Way, Bolingbrook, IL 60490, USA",3.77,8.35,USD
Chicago,Pool,COMPLETED,2019-02-03 00:46:51 +0000 UTC,2019-02-03 00:53:34 +0000 UTC,41.68114,-88.15336,"1919 Great Plains Way, Bolingbrook, IL 60490, US",2019-02-03 01:03:58 +0000 UTC,41.66484,-88.11009,"1000 Windham Pkwy, Romeoville, IL 60446, USA",3.71,7.4,USD
Chicago,Pool,COMPLETED,2019-02-02 13:07:46 +0000 UTC,2019-02-02 13:15:12 +0000 UTC,41.66468,-88.11021,"1070 Windham Pkwy, Romeoville, IL 60446, USA",2019-02-02 13:22:34 +0000 UTC,41.68112,-88.15333,"1919 Great Plains Way, Bolingbrook, IL 60490, USA",3.80,7.16,USD
Chicago,Pool,COMPLETED,2019-02-02 00:45:47 +0000 UTC,2019-02-02 00:49:27 +0000 UTC,41.68114,-88.15334,"1919 Great Plains Way, Bolingbrook, IL 60490, US",2019-02-02 00:59:11 +0000 UTC,41.66484,-88.11014,"1000 Windham Pkwy, Romeoville, IL 60446, USA",4.24,8.98,USD
Chicago,Pool,COMPLETED,2019-01-27 01:38:36 +0000 UTC,2019-01-27 02:01:39 +0000 UTC,41.6641001952,-88.11004611,"1070 Windham Pkwy, Romeoville, IL 60446, USA",2019-01-27 02:12:34 +0000 UTC,41.6811337703,-88.153333129,"1919 Great Plains Way, Bolingbrook, IL 60490, USA",3.73,9.45,USD
Chicago,Pool,COMPLETED,2019-01-27 00:40:35 +0000 UTC,2019-01-27 01:13:55 +0000 UTC,41.6810631385,-88.1533271123,"1919 Great Plains Way, Bolingbrook, IL 60490, US",2019-01-27 01:26:51 +0000 UTC,41.664659227,-88.1098722007,"1000 Windham Pkwy, Romeoville, IL 60446, USA",3.96,10.29,USD
Chicago,Pool: MATCHED,COMPLETED,2019-01-25 13:06:12 +0000 UTC,2019-01-25 13:14:37 +0000 UTC,41.66437,-88.11021,"1070 Windham Pkwy, Romeoville, IL 60446, USA",2019-01-25 13:29:09 +0000 UTC,41.6823,-88.13247,"1919 Great Plains Way, Bolingbrook, IL 60490, USA",5.45,7.99,USD
Chicago,Pool,COMPLETED,2019-01-25 00:44:21 +0000 UTC,2019-01-25 00:47:16 +0000 UTC,41.6811452115,-88.1533261891,"1919 Great Plains Way, Bolingbrook, IL 60490, US",2019-01-25 00:58:50 +0000 UTC,41.6648749259,-88.1099239011,"1000 Windham Pkwy, Romeoville, IL 60446, USA",4.48,8.27,USD
Chicago,UberEATS Marketplace,COMPLETED,2019-01-24 19:56:02 +0000 UTC,2019-01-24 19:56:07 +0000 UTC,41.6808639,-88.1532685,,2019-01-24 20:12:36 +0000 UTC,41.6808639,-88.1532685,,1.37,27.13,USD
Chicago,Pool,COMPLETED,2019-01-18 13:06:00 +0000 UTC,2019-01-18 13:13:26 +0000 UTC,41.66431,-88.10898,"1070 Windham Pkwy, Romeoville, IL 60446, USA",2019-01-18 13:23:07 +0000 UTC,41.68114,-88.1533,"1919 Great Plains Way, Bolingbrook, IL 60490, USA",3.76,8.32,USD
Chicago,Pool,COMPLETED,2019-01-18 00:43:20 +0000 UTC,2019-01-18 00:53:53 +0000 UTC,41.68105,-88.15332,"1919 Great Plains Way, Bolingbrook, IL 60490, USA",2019-01-18 01:03:29 +0000 UTC,41.66488,-88.11006,"1000 Windham Pkwy, Romeoville, IL 60446, USA",4.27,8.66,USD
Chicago,Pool,COMPLETED,2019-01-14 22:41:57 +0000 UTC,2019-01-14 22:47:59 +0000 UTC,41.6987805175,-88.0788918706,"300 W Briarcliff Rd, Bolingbrook, IL 60440, US",2019-01-14 23:00:47 +0000 UTC,41.6810095856,-88.1533278727,"1919 Great Plains Way, Bolingbrook, IL 60490, USA",4.88,10.43,USD
Chicago,Express Pool: MATCHED,COMPLETED,2019-01-14 20:24:18 +0000 UTC,2019-01-14 20:33:46 +0000 UTC,42.0524314799,-87.6733665189,"30 Arts Cir Dr, Evanston, IL 60208, USA",2019-01-14 21:06:37 +0000 UTC,41.8975899475,-87.6221690109,"189 E Pearson St, Chicago, IL 60611, USA",12.36,13.07,USD
Chicago,Express Pool: MATCHED,COMPLETED,2019-01-14 19:45:05 +0000 UTC,2019-01-14 19:52:25 +0000 UTC,42.061512,-87.7517676,"9933 Lawler Ave, Skokie, IL 60077, US",2019-01-14 20:12:08 +0000 UTC,42.0506072,-87.6775597,"Chicago & Clark, Evanston, IL 60208, USA",5.30,6.98,USD
Chicago,Express Pool: MATCHED,COMPLETED,2019-01-14 17:48:18 +0000 UTC,2019-01-14 17:54:34 +0000 UTC,42.05239,-87.67721,"Sheridan & Emerson, Evanston, IL 60208, USA",2019-01-14 18:10:03 +0000 UTC,42.06149,-87.75182,"4954 Old Orchard Rd, Skokie, IL 60077, USA",5.08,8.71,USD
Chicago,Pool: MATCHED,COMPLETED,2019-01-14 14:40:05 +0000 UTC,2019-01-14 14:52:30 +0000 UTC,41.68113,-88.15326,"1919 Great Plains Way, Bolingbrook, IL 60490, USA",2019-01-14 15:08:22 +0000 UTC,41.6974,-88.07914,"Bolingbrook, IL 60440, USA",6.49,11.13,USD
Chicago,Pool,COMPLETED,2019-01-13 10:14:39 +0000 UTC,2019-01-13 10:19:33 +0000 UTC,41.664699139,-88.1100720323,"1070 Windham Pkwy, Romeoville, IL 60446, USA",2019-01-13 10:27:21 +0000 UTC,41.6811008643,-88.1533571595,"1919 Great Plains Way, Bolingbrook, IL 60490, USA",3.80,8.63,USD
Chicago,Pool,COMPLETED,2019-01-13 00:41:31 +0000 UTC,2019-01-13 00:48:29 +0000 UTC,41.6810222488,-88.1533106467,"1919 Great Plains Way, Bolingbrook, IL 60490, USA",2019-01-13 01:01:33 +0000 UTC,41.6646869763,-88.1098254573,"1000 Windham Pkwy, Romeoville, IL 60446, USA",4.97,8.29,USD
Chicago,Pool,COMPLETED,2019-01-11 01:33:03 +0000 UTC,2019-01-11 01:41:07 +0000 UTC,41.6643726,-88.1098506,"1070 Windham Pkwy, Romeoville, IL 60446, USA",2019-01-11 01:49:28 +0000 UTC,41.6810725,-88.1533086,"1919 Great Plains Way, Bolingbrook, IL 60490, USA",3.76,8.3,USD
Chicago,Pool,COMPLETED,2019-01-11 00:48:31 +0000 UTC,2019-01-11 00:53:01 +0000 UTC,41.68114,-88.15326,"1919 Great Plains Way, Bolingbrook, IL 60490, USA",2019-01-11 01:03:42 +0000 UTC,41.66468,-88.10994,"1000 Windham Pkwy, Romeoville, IL 60446, USA",4.42,8.26,USD
Chicago,Pool,COMPLETED,2019-01-06 13:03:02 +0000 UTC,2019-01-06 13:09:34 +0000 UTC,41.6628233341,-88.1113196948,"1070 Windham Pkwy, Romeoville, IL 60446, USA",2019-01-06 13:16:36 +0000 UTC,41.6811293661,-88.1533463803,"1919 Great Plains Way, Bolingbrook, IL 60490, USA",3.59,8.15,USD
Chicago,Pool,COMPLETED,2019-01-06 00:45:20 +0000 UTC,2019-01-06 00:50:28 +0000 UTC,41.68105,-88.15328,"1919 Great Plains Way, Bolingbrook, IL 60490, USA",2019-01-06 01:01:33 +0000 UTC,41.66468,-88.10997,"1000 Windham Pkwy, Romeoville, IL 60446, USA",3.78,8.28,USD
Chicago,Pool,COMPLETED,2019-01-05 13:20:39 +0000 UTC,2019-01-05 13:25:09 +0000 UTC,41.6627467499,-88.1115040837,"1070 Windham Pkwy, Romeoville, IL 60446, USA",2019-01-05 13:32:09 +0000 UTC,41.6810723795,-88.1533529415,"1919 Great Plains Way, Bolingbrook, IL 60490, USA",4.48,7.94,USD
Chicago,Pool,DRIVER_CANCELED,2019-01-05 13:07:32 +0000 UTC,1970-01-01 00:00:00 +0000 UTC,41.6616251,-88.0895205,,1970-01-01 00:00:00 +0000 UTC,41.6630482582,-88.1123357416,"1919 Great Plains Way, Bolingbrook, IL 60490, USA",0.00,5,USD
Chicago,Pool,COMPLETED,2019-01-05 00:42:54 +0000 UTC,2019-01-05 00:49:02 +0000 UTC,41.68114,-88.15326,"1919 Great Plains Way, Bolingbrook, IL 60490, USA",2019-01-05 00:58:42 +0000 UTC,41.66486,-88.11008,"1000 Windham Pkwy, Romeoville, IL 60446, USA",3.78,8.29,USD
Chicago,Pool,COMPLETED,2019-01-04 13:06:56 +0000 UTC,2019-01-04 13:22:48 +0000 UTC,41.6646966245,-88.1098824472,"1070 Windham Pkwy, Romeoville, IL 60446, USA",2019-01-04 13:29:58 +0000 UTC,41.6810611172,-88.1533153906,"1919 Great Plains Way, Bolingbrook, IL 60490, USA",3.77,8.31,USD
Chicago,Pool,COMPLETED,2019-01-04 00:41:05 +0000 UTC,2019-01-04 00:47:39 +0000 UTC,41.6811298,-88.1536515,"1919 Great Plains Way, Bolingbrook, IL 60490, USA",2019-01-04 00:58:08 +0000 UTC,41.6648359,-88.1100306,"1000 Windham Pkwy, Romeoville, IL 60446, USA",4.46,8.7,USD
Chicago,Pool,COMPLETED,2018-12-27 13:03:47 +0000 UTC,2018-12-27 13:13:41 +0000 UTC,41.6643854,-88.1101867,"1070 Windham Pkwy, Romeoville, IL 60446, USA",2018-12-27 13:22:03 +0000 UTC,41.6811285,-88.1534227,"1919 Great Plains Way, Bolingbrook, IL 60490, USA",3.81,8.25,USD
Chicago,Pool,COMPLETED,2018-12-27 00:41:32 +0000 UTC,2018-12-27 00:49:49 +0000 UTC,41.68114,-88.15325,"1919 Great Plains Way, Bolingbrook, IL 60490, USA",2018-12-27 00:58:45 +0000 UTC,41.66459,-88.10987,"1000 Windham Pkwy, Romeoville, IL 60446, USA",4.02,8.7,USD
Chicago,Pool,COMPLETED,2018-12-24 23:11:36 +0000 UTC,2018-12-24 23:17:23 +0000 UTC,41.70145,-88.12688,"225 N Weber Rd, Bolingbrook, IL 60490, USA",2018-12-24 23:24:26 +0000 UTC,41.68102,-88.1533,"1919 Great Plains Way, Bolingbrook, IL 60490, USA",2.61,7.22,USD
Chicago,Pool,COMPLETED,2018-12-20 13:05:11 +0000 UTC,2018-12-20 13:14:54 +0000 UTC,41.66419,-88.11024,"1070 Windham Pkwy, Romeoville, IL 60446, USA",2018-12-20 13:25:02 +0000 UTC,41.68105,-88.15334,"1919 Great Plains Way, Bolingbrook, IL 60490, USA",3.79,8.28,USD
Chicago,Pool,COMPLETED,2018-12-20 00:44:41 +0000 UTC,2018-12-20 00:57:24 +0000 UTC,41.6810825648,-88.1533129768,"1919 Great Plains Way, Bolingbrook, IL 60490, USA",2018-12-20 01:05:56 +0000 UTC,41.6646815038,-88.1098258376,"1000 Windham Pkwy, Romeoville, IL 60446, USA",3.77,8.23,USD
Chicago,Pool,DRIVER_CANCELED,2018-12-19 13:03:55 +0000 UTC,1970-01-01 00:00:00 +0000 UTC,41.6721150885,-88.104166221,,1970-01-01 00:00:00 +0000 UTC,41.6635,-88.10992,"1919 Great Plains Way, Bolingbrook, IL 60490, USA",0.00,5,USD
Chicago,Pool,COMPLETED,2018-12-19 00:41:52 +0000 UTC,2018-12-19 00:47:38 +0000 UTC,41.68114,-88.15325,"1919 Great Plains Way, Bolingbrook, IL 60490, USA",2018-12-19 01:00:49 +0000 UTC,41.66474,-88.10991,"1000 Windham Pkwy, Romeoville, IL 60446, USA",4.20,8.84,USD
Chicago,Pool,COMPLETED,2018-12-18 13:05:35 +0000 UTC,2018-12-18 13:12:56 +0000 UTC,41.6646991345,-88.1101873672,"1070 Windham Pkwy, Romeoville, IL 60446, USA",2018-12-18 13:23:05 +0000 UTC,41.681034268,-88.1532764343,"1919 Great Plains Way, Bolingbrook, IL 60490, USA",3.73,8.43,USD
Chicago,Pool: MATCHED,COMPLETED,2018-12-18 00:35:30 +0000 UTC,2018-12-18 00:44:03 +0000 UTC,41.6811142991,-88.1533882192,"1919 Great Plains Way, Bolingbrook, IL 60490, USA",2018-12-18 00:57:59 +0000 UTC,41.6645499367,-88.1102183763,"1000 Windham Pkwy, Romeoville, IL 60446, USA",5.66,9.08,USD
Chicago,Pool,COMPLETED,2018-12-16 13:03:14 +0000 UTC,2018-12-16 13:16:16 +0000 UTC,41.6642781,-88.1101037,"1070 Windham Pkwy, Romeoville, IL 60446, USA",2018-12-16 13:23:28 +0000 UTC,41.6811247,-88.15335,"1919 Great Plains Way, Bolingbrook, IL 60490, USA",3.74,8.24,USD
Chicago,Pool,COMPLETED,2018-12-16 00:31:13 +0000 UTC,2018-12-16 00:37:41 +0000 UTC,41.68106,-88.15328,"1919 Great Plains Way, Bolingbrook, IL 60490, USA",2018-12-16 00:48:15 +0000 UTC,41.66464,-88.1102,"1000 Windham Pkwy, Romeoville, IL 60446, USA",3.77,8.96,USD
Chicago,Pool,COMPLETED,2018-12-08 01:37:15 +0000 UTC,2018-12-08 01:41:16 +0000 UTC,41.6620141352,-88.1222491075,"1237 Windham Pkwy, Romeoville, IL 60446, USA",2018-12-08 01:49:24 +0000 UTC,41.6809783532,-88.1532894514,"1919 Great Plains Way, Bolingbrook, IL 60490, USA",3.03,8.23,USD
Chicago,Pool,COMPLETED,2018-12-08 00:43:08 +0000 UTC,2018-12-08 01:02:54 +0000 UTC,41.6811052129,-88.1533309015,"1919 Great Plains Way, Bolingbrook, IL 60490, USA",2018-12-08 01:11:52 +0000 UTC,41.664714049,-88.110226536,"1000 Windham Pkwy, Romeoville, IL 60446, USA",4.22,8.65,USD
Chicago,Pool,COMPLETED,2018-12-07 02:49:13 +0000 UTC,2018-12-07 02:54:53 +0000 UTC,41.69891,-88.0789,"300 Delaware Dr, Bolingbrook, IL 60440, USA",2018-12-07 03:07:58 +0000 UTC,41.68108,-88.1533,"1919 Great Plains Way, Bolingbrook, IL 60490, USA",5.33,10.37,USD
Albuquerque,UberX,COMPLETED,2018-12-05 21:18:00 +0000 UTC,2018-12-05 21:29:17 +0000 UTC,35.08697,-106.61935,"1925 Las Lomas Rd NE, Albuquerque, NM 87106, USA",2018-12-05 21:36:56 +0000 UTC,35.08204,-106.648,"320 1st St SW, Albuquerque, NM 87102, USA",2.14,6.79,USD
Albuquerque,UberX,COMPLETED,2018-12-05 20:41:45 +0000 UTC,2018-12-05 20:47:20 +0000 UTC,35.0838001,-106.6163971,"Students Residence Center and Commons Bldg, Albuquerque, NM 87106, USA",2018-12-05 20:50:51 +0000 UTC,35.0816293,-106.6194726,"The University of New Mexico, Student Union Bldg, 2400 Roma Ave NE, Albuquerque, NM 87106, USA",0.80,5.95,USD
Albuquerque,UberX,COMPLETED,2018-12-05 11:54:55 +0000 UTC,2018-12-05 11:58:58 +0000 UTC,35.0819825,-106.6480601,"320 1st St SW, Albuquerque, 87102, US",2018-12-05 12:05:34 +0000 UTC,35.0859337,-106.6160884,"Campus Blvd NE & Redondo E Dr NE, Albuquerque, NM 87106, USA",2.54,7.13,USD
Denver,Express Pool,COMPLETED,2018-12-05 01:20:10 +0000 UTC,2018-12-05 01:31:09 +0000 UTC,39.8487,-104.67271,"Terminal East, Door 615 (East - Level 6), Denver International Airport",2018-12-05 02:16:07 +0000 UTC,39.75085,-104.99179,"1055 19th St, Denver, CO 80202, USA",25.01,29.01,USD
Chicago,Pool,COMPLETED,2018-12-04 14:59:37 +0000 UTC,2018-12-04 15:06:47 +0000 UTC,41.6810536,-88.1533099,"1919 Great Plains Way, Bolingbrook, IL 60490, USA",2018-12-04 15:55:32 +0000 UTC,41.977588,-87.9004998,"10000 W O'Hare Ave, Chicago, IL 60666, USA",35.76,56.82,USD
Chicago,Pool,COMPLETED,2018-12-01 00:28:50 +0000 UTC,2018-12-01 00:39:08 +0000 UTC,41.681087,-88.1533472,"1919 Great Plains Way, Bolingbrook, IL 60490, USA",2018-12-01 00:49:19 +0000 UTC,41.6646379,-88.1098563,"1000 Windham Pkwy, Romeoville, IL 60446, USA",3.78,8.9,USD
Chicago,Pool,COMPLETED,2018-11-28 00:34:04 +0000 UTC,2018-11-28 00:41:47 +0000 UTC,41.68112,-88.15332,"1919 Great Plains Way, Bolingbrook, IL 60490, USA",2018-11-28 00:52:33 +0000 UTC,41.66437,-88.1102,"1000 Windham Pkwy, Romeoville, IL 60446, USA",4.22,8.84,USD
Chicago,UberX,COMPLETED,2018-11-25 00:58:22 +0000 UTC,2018-11-25 01:10:44 +0000 UTC,41.6827447,-88.1266981,"495 S Weber Rd, Bolingbrook, IL 60490, USA",2018-11-25 01:16:45 +0000 UTC,41.6648346,-88.109934,"1000 Windham Pkwy, Romeoville, IL 60446, USA",2.37,8.12,USD
Chicago,Pool,COMPLETED,2018-11-18 13:06:22 +0000 UTC,2018-11-18 13:14:09 +0000 UTC,41.6643,-88.11016,"1000 Windham Pkwy, Romeoville, IL 60446, USA",2018-11-18 13:22:14 +0000 UTC,41.68113,-88.15332,"1919 Great Plains Way, Bolingbrook, IL 60490, USA",3.69,8.35,USD
Chicago,Pool,COMPLETED,2018-11-18 00:43:04 +0000 UTC,2018-11-18 00:47:26 +0000 UTC,41.69561,-88.06593,"200 S Bolingbrook Dr, Bolingbrook, IL 60440, USA",2018-11-18 00:59:52 +0000 UTC,41.66708,-88.11011,"1000 Windham Pkwy, Romeoville, IL 60446, USA",4.76,9.75,USD
Chicago,Pool,COMPLETED,2018-11-18 00:17:46 +0000 UTC,2018-11-18 00:24:08 +0000 UTC,41.68114,-88.15331,"1919 Great Plains Way, Bolingbrook, IL 60490, USA",2018-11-18 00:36:17 +0000 UTC,41.69545,-88.06592,"200 S Bolingbrook Dr, Bolingbrook, IL 60440, USA",5.36,11.3,USD
Chicago,Pool,COMPLETED,2018-11-13 01:46:16 +0000 UTC,2018-11-13 01:51:11 +0000 UTC,41.69879,-88.07891,"300 Delaware Dr, Bolingbrook, IL 60440, USA",2018-11-13 02:02:46 +0000 UTC,41.68097,-88.15334,"1919 Great Plains Way, Bolingbrook, IL 60490, USA",4.88,10.52,USD
Chicago,Express Pool: MATCHED,COMPLETED,2018-11-12 23:16:12 +0000 UTC,2018-11-12 23:27:31 +0000 UTC,42.0095149,-87.7675519,"7011 Central Ave, Niles, IL 60714, USA",2018-11-13 00:21:04 +0000 UTC,41.8967436,-87.6246545,"132 E Chicago Ave, Chicago, IL 60611, USA",13.68,10,USD
Chicago,Express Pool,CANCELED,2018-11-12 23:09:40 +0000 UTC,1970-01-01 00:00:00 +0000 UTC,42.0122831697,-87.7585869315,,1970-01-01 00:00:00 +0000 UTC,42.0118933694,-87.7610622545,"633 Clark St, Evanston, IL 60208, USA",0.00,0,USD
Chicago,Express Pool,DRIVER_CANCELED,2018-11-12 22:49:41 +0000 UTC,1970-01-01 00:00:00 +0000 UTC,42.0335389,-87.7277888,,1970-01-01 00:00:00 +0000 UTC,42.0547124,-87.70581,"2123 Sheridan Rd, Evanston, IL 60208, USA",0.00,5,USD
Chicago,Express Pool: MATCHED,COMPLETED,2018-11-12 21:02:33 +0000 UTC,2018-11-12 21:21:27 +0000 UTC,42.05402,-87.67373,"1970 Campus Dr, Evanston, IL 60208, US",2018-11-12 21:48:41 +0000 UTC,42.01256,-87.76739,"5598 W Touhy Ave, Niles, IL 60714, USA",8.09,7.13,USD
Chicago,Pool,COMPLETED,2018-11-09 20:21:59 +0000 UTC,2018-11-09 20:26:15 +0000 UTC,41.7083034,-88.0844428,"440 W Boughton Rd, Bolingbrook, IL 60440, US",2018-11-09 20:36:24 +0000 UTC,41.6809998,-88.1532964,"1919 Great Plains Way, Bolingbrook, IL 60490, USA",5.28,10.17,USD
Chicago,Pool,COMPLETED,2018-11-07 23:49:20 +0000 UTC,2018-11-07 23:56:02 +0000 UTC,41.54723,-88.2027,"1401 State Route 59, Joliet, IL 60431, US",2018-11-08 00:18:33 +0000 UTC,41.68109,-88.15329,"1919 Great Plains Way, Bolingbrook, IL 60490, USA",10.65,17.85,USD
Chicago,Pool,COMPLETED,2018-11-07 23:22:38 +0000 UTC,2018-11-07 23:25:48 +0000 UTC,41.5196109,-88.1429263,"2424 W Jefferson St, Joliet, IL 60435, USA",2018-11-07 23:40:53 +0000 UTC,41.5468287,-88.2024715,"1401 IL-59, Joliet, IL 60431, USA",4.98,11.07,USD
Chicago,Pool: MATCHED,COMPLETED,2018-11-07 22:55:02 +0000 UTC,2018-11-07 22:56:52 +0000 UTC,41.5372361843,-88.1500445887,"2779 Black Rd, Joliet, IL 60435, USA",2018-11-07 23:05:53 +0000 UTC,41.5195508829,-88.1429550257,"2424 W Jefferson St, Joliet, IL 60435, USA",1.70,6.61,USD
Chicago,Pool,COMPLETED,2018-11-07 22:20:16 +0000 UTC,2018-11-07 22:25:47 +0000 UTC,41.68114,-88.15335,"1919 Great Plains Way, Bolingbrook, IL 60490, USA",2018-11-07 22:52:30 +0000 UTC,41.53722,-88.15009,"2779 Black Rd, Joliet, IL 60435, USA",13.58,22.13,USD
Chicago,Pool,COMPLETED,2018-10-30 17:42:12 +0000 UTC,2018-10-30 17:46:48 +0000 UTC,41.68101,-88.15328,"1919 Great Plains Way, Bolingbrook, IL 60490, USA",2018-10-30 18:05:31 +0000 UTC,41.6934,-88.03565,"10625 Beaudin Blvd, Woodridge, IL 60517, USA",8.35,16.05,USD
Chicago,Pool,COMPLETED,2018-10-29 21:44:17 +0000 UTC,2018-10-29 21:49:44 +0000 UTC,41.69684,-88.07882,"170 Canterbury Ln, Bolingbrook, IL 60440, US",2018-10-29 22:00:17 +0000 UTC,41.68108,-88.15326,"1919 Great Plains Way, Bolingbrook, IL 60490, USA",4.69,10.29,USD
Chicago,Express Pool: MATCHED,COMPLETED,2018-10-29 18:07:58 +0000 UTC,2018-10-29 18:17:56 +0000 UTC,42.06264,-87.75147,"10001-10015 Lavergne Ave, Skokie, IL 60077, USA",2018-10-29 18:39:52 +0000 UTC,42.04905,-87.67662,"500-550 Clark St, Evanston, IL 60201, USA",5.45,7.33,USD
Chicago,Pool: MATCHED,COMPLETED,2018-10-29 13:31:19 +0000 UTC,2018-10-29 13:35:20 +0000 UTC,41.6987025,-88.0788871,"300 W Briarcliff Rd, Bolingbrook, IL 60440, US",2018-10-29 15:02:15 +0000 UTC,42.0615307,-87.7519844,"9933 Lawler Ave #401, Skokie, IL 60077, USA",48.11,57.93,USD
Chicago,UberX,COMPLETED,2018-10-29 13:01:42 +0000 UTC,2018-10-29 13:06:31 +0000 UTC,41.68105,-88.15328,"1919 Great Plains Way, Bolingbrook, IL 60490, USA",2018-10-29 13:18:10 +0000 UTC,41.69708,-88.07887,"Bolingbrook, IL 60440, USA",4.73,13.33,USD
Chicago,Pool,COMPLETED,2018-10-23 17:27:25 +0000 UTC,2018-10-23 17:34:17 +0000 UTC,41.68115,-88.15336,"1919 Great Plains Way, Bolingbrook, IL 60490, USA",2018-10-23 17:51:25 +0000 UTC,41.69343,-88.0349,"10625 Beaudin Blvd, Woodridge, IL 60517, USA",8.40,14.62,USD
Chicago,Pool,COMPLETED,2018-10-18 17:41:13 +0000 UTC,2018-10-18 17:45:24 +0000 UTC,41.68834,-88.0688,"395 S Bolingbrook Dr, Bolingbrook, IL 60440, USA",2018-10-18 17:56:59 +0000 UTC,41.6934,-88.03498,"10625 Beaudin Blvd, Woodridge, IL 60517, USA",3.63,8.47,USD
Chicago,Pool,COMPLETED,2018-10-18 17:04:54 +0000 UTC,2018-10-18 17:10:46 +0000 UTC,41.681045,-88.1533544,"1919 Great Plains Way, Bolingbrook, IL 60490, USA",2018-10-18 17:22:59 +0000 UTC,41.6883145,-88.0688428,"395 S Bolingbrook Dr, Bolingbrook, IL 60440, USA",5.27,10.88,USD
Chicago,Pool,COMPLETED,2018-10-03 01:48:20 +0000 UTC,2018-10-03 01:54:45 +0000 UTC,41.6987946,-88.0789512,"300 W Briarcliff Rd, Bolingbrook, IL 60440, US",2018-10-03 02:05:26 +0000 UTC,41.6811414,-88.1533596,"1919 Great Plains Way, Bolingbrook, IL 60490, USA",4.88,9.14,USD
Chicago,UberX,COMPLETED,2018-09-28 22:10:08 +0000 UTC,2018-09-28 22:18:39 +0000 UTC,41.65912,-88.16613,"12350 Essington Rd, Plainfield, IL 60585, USA",2018-09-28 22:25:12 +0000 UTC,41.68099,-88.15329,"1919 Great Plains Way, Bolingbrook, IL 60490, USA",2.37,6.13,USD
Chicago,Pool,COMPLETED,2018-09-28 21:49:02 +0000 UTC,2018-09-28 21:54:43 +0000 UTC,41.681074,-88.1530319,"1915 Great Plains Way, Bolingbrook, IL 60490, USA",2018-09-28 22:01:14 +0000 UTC,41.6587112,-88.1660542,"12350 Essington Rd, Plainfield, IL 60585, USA",3.19,6.26,USD
Chicago,Pool,COMPLETED,2018-09-26 20:30:52 +0000 UTC,2018-09-26 20:40:05 +0000 UTC,41.97562,-87.8905,"Terminal 5, Arrivals, Left of Door 5B, O'Hare International Airport",2018-09-26 21:43:44 +0000 UTC,41.68096,-88.1533,"1919 Great Plains Way, Bolingbrook, IL 60490, USA",33.06,41.6,USD
Chicago,Express Pool: MATCHED,COMPLETED,2018-07-25 14:14:21 +0000 UTC,2018-07-25 14:26:33 +0000 UTC,41.8776435,-87.6472611,"310 S Halsted St, Chicago, IL 60661, USA",2018-07-25 15:19:19 +0000 UTC,41.9767948,-87.901796,"10000 W O'Hare Ave, Chicago, IL 60666, USA",18.96,20.09,USD
Chicago,Express Pool: MATCHED,COMPLETED,2018-07-24 20:41:51 +0000 UTC,2018-07-24 20:48:36 +0000 UTC,41.8934486,-87.6229867,"Courtyard Chicago Downtown/Maginificent Mile, 165 E Ontario St, Chicago, IL 60611, USA",2018-07-24 21:11:08 +0000 UTC,41.877874,-87.6472752,"310 S Halsted St, Chicago, IL 60661, USA",2.55,5.55,USD
Chicago,Express Pool: MATCHED,COMPLETED,2018-07-24 15:52:41 +0000 UTC,2018-07-24 15:59:57 +0000 UTC,41.8773241528,-87.6471994446,"770-798 W Gladys Ave, Chicago, IL 60661, USA",2018-07-24 16:17:26 +0000 UTC,41.8964065612,-87.6242322755,"717 N Michigan Ave, Chicago, IL 60611, USA",2.85,4.25,USD
Chicago,Express Pool: MATCHED,COMPLETED,2018-07-23 23:54:01 +0000 UTC,2018-07-24 00:13:01 +0000 UTC,42.061046063,-87.7516325163,"4999 Old Orchard Ctr Ste L14, Skokie, IL 60077, US",2018-07-24 00:49:45 +0000 UTC,41.8804882512,-87.6477840149,"808n W Monroe St, Chicago, IL 60607, USA",15.22,9.12,USD
Chicago,Express Pool: MATCHED,COMPLETED,2018-07-23 18:33:07 +0000 UTC,2018-07-23 18:40:29 +0000 UTC,41.8966911537,-87.625011989,"110-120 E Chicago Ave, Chicago, IL 60611, USA",2018-07-23 19:16:29 +0000 UTC,42.0623910929,-87.7525575382,"10015 Frontage Rd, Skokie, IL 60077, USA",17.10,13.74,USD
Colorado Springs,UberX,COMPLETED,2018-07-22 23:01:37 +0000 UTC,2018-07-22 23:02:58 +0000 UTC,38.8316771794,-104.819989735,"120 S Weber St, Colorado Springs, 80903, US",2018-07-22 23:22:29 +0000 UTC,38.7971642102,-104.700158984,"7770 Milton E Proby Pkwy, Colorado Springs, CO 80916, USA",10.27,16.46,USD
Denver,Select,COMPLETED,2018-06-27 13:45:49 +0000 UTC,2018-06-27 13:54:11 +0000 UTC,39.7852573218,-105.02664241,"3050 W 49th Ave, Denver, CO 80221, USA",2018-06-27 14:36:27 +0000 UTC,39.849112588,-104.674967425,"8500 Pe√±a Blvd, Denver, 80249, US",24.00,72.13,USD
Chicago,Express Pool: MATCHED,COMPLETED,2018-06-23 11:55:01 +0000 UTC,2018-06-23 12:06:53 +0000 UTC,42.0608889,-87.6745301,"2420 Campus Dr, Evanston, IL 60201, US",2018-06-23 12:12:13 +0000 UTC,42.0643338,-87.692961,"1413-1465 Central St, Evanston, IL 60201, USA",1.20,6.5600000000000005,USD
Chicago,UberX,COMPLETED,2018-06-22 16:15:11 +0000 UTC,2018-06-22 16:32:44 +0000 UTC,42.0640727,-87.6922237,"Central St & Jackson Ave, Evanston, Illinois 60201, US",2018-06-22 16:43:51 +0000 UTC,42.0608948,-87.6747116,"2420 Campus Dr, Evanston, IL 60201, USA",1.14,12.27,USD
Chicago,UberX,COMPLETED,2018-06-22 13:24:52 +0000 UTC,2018-06-22 13:27:44 +0000 UTC,42.0608739,-87.6747536,"2420 Campus Dr, Evanston, IL 60201, US",2018-06-22 13:42:10 +0000 UTC,42.0643184,-87.6937273,"1501 Central St, Evanston, IL 60201, USA",1.23,11.57,USD
Chicago,Express Pool,COMPLETED,2018-06-22 03:35:27 +0000 UTC,2018-06-22 03:46:56 +0000 UTC,42.0609462541,-87.674655961,"2420 Campus Dr, Evanston, IL 60201, US",2018-06-22 03:49:39 +0000 UTC,42.0584471058,-87.6813994535,"725 Noyes St, Evanston, IL 60201, USA",0.67,3.71,USD
Chicago,Express Pool: MATCHED,COMPLETED,2018-06-21 21:52:30 +0000 UTC,2018-06-21 22:04:08 +0000 UTC,42.061601813,-87.674874025,"2420 Campus Dr, Evanston, IL 60201, US",2018-06-21 22:21:49 +0000 UTC,42.0484939317,-87.6990053663,"1905 Church St, Evanston, IL 60201, USA",2.64,5.29,USD
Chicago,UberEATS Marketplace,COMPLETED,2018-06-21 06:43:41 +0000 UTC,2018-06-21 06:43:41 +0000 UTC,42.0609938,-87.6749603,,2018-06-21 07:22:38 +0000 UTC,42.0609938,-87.6749603,,1.87,16.13,USD
Chicago,UberEATS Marketplace,COMPLETED,2018-06-19 23:57:08 +0000 UTC,2018-06-19 23:57:18 +0000 UTC,42.0609938,-87.6749603,,2018-06-20 00:28:17 +0000 UTC,42.0609938,-87.6749603,,0.87,22.57,USD
Chicago,UberEATS Marketplace,COMPLETED,2018-06-19 15:54:50 +0000 UTC,2018-06-19 15:54:54 +0000 UTC,42.0609938,-87.6749603,,2018-06-19 16:19:27 +0000 UTC,42.0609938,-87.6749603,,1.27,30.46,USD
Chicago,UberEATS Marketplace,CANCELED,2018-06-19 15:49:44 +0000 UTC,2018-06-19 15:49:49 +0000 UTC,42.064166,-87.697789,,2018-06-19 15:50:41 +0000 UTC,42.0609938,-87.6749603,,1.19,0,USD
Chicago,UberEATS Marketplace,COMPLETED,2018-06-19 02:00:20 +0000 UTC,2018-06-19 02:00:20 +0000 UTC,42.0609938,-87.6749603,,2018-06-19 02:29:02 +0000 UTC,42.0609938,-87.6749603,,1.87,1.69,USD
Chicago,UberEATS Marketplace,COMPLETED,2018-06-19 01:27:06 +0000 UTC,2018-06-19 01:27:06 +0000 UTC,42.0609938,-87.6749603,,2018-06-19 01:55:41 +0000 UTC,42.0609938,-87.6749603,,1.87,14.92,USD
Chicago,Express Pool: MATCHED,COMPLETED,2018-06-18 18:48:40 +0000 UTC,2018-06-18 18:57:43 +0000 UTC,42.0497418,-87.6818374,"801-851 Clark St, Evanston, IL 60201, USA",2018-06-18 19:55:24 +0000 UTC,41.9521896,-87.8847895,"4021 Mannheim Rd, Schiller Park, IL 60176, USA",19.15,39.42,USD
Chicago,Express Pool: MATCHED,COMPLETED,2018-06-18 15:57:35 +0000 UTC,2018-06-18 16:04:29 +0000 UTC,42.0627667616,-87.7515564022,"10001-10015 Lavergne Ave, Skokie, IL 60077, USA",2018-06-18 16:19:52 +0000 UTC,42.0608107708,-87.6741734164,"2420 Campus Dr, Evanston, IL 60201, USA",4.30,7.35,USD
Chicago,Express Pool: MATCHED,COMPLETED,2018-06-18 15:00:09 +0000 UTC,2018-06-18 15:11:52 +0000 UTC,42.0606765245,-87.6747711283,"560 Lincoln St, Evanston, IL 60201, US",2018-06-18 15:27:48 +0000 UTC,42.0614892621,-87.7518164658,"9933 Lawler Ave Suite 401, Skokie, IL 60077, USA",4.55,9.14,USD
Chicago,Pool,COMPLETED,2018-06-18 04:42:52 +0000 UTC,2018-06-18 04:51:52 +0000 UTC,41.9522874,-87.8848762,"4055 Mannheim Rd, Schiller Park, IL 60176, US",2018-06-18 05:22:19 +0000 UTC,42.0602872,-87.6748117,"2420 Campus Dr, Evanston, IL 60201, USA",17.76,31.76,USD
Chicago,,UNFULFILLED,2018-06-18 04:37:20 +0000 UTC,1970-01-01 00:00:00 +0000 UTC,,,,1970-01-01 00:00:00 +0000 UTC,,,"2420 Campus Dr, Evanston, IL 60201, USA",0.00,0,
Chicago,Express Pool,CANCELED,2018-06-18 04:19:50 +0000 UTC,1970-01-01 00:00:00 +0000 UTC,41.9285097315,-87.9193994308,,1970-01-01 00:00:00 +0000 UTC,41.9511010728,-87.883521396,"2420 Campus Dr, Evanston, IL 60201, USA",0.00,3,USD
Chicago,Express Pool: MATCHED,COMPLETED,2018-06-17 17:53:01 +0000 UTC,2018-06-17 18:10:25 +0000 UTC,42.0608577,-87.6745884,"2420 Campus Dr, Evanston, IL 60201, US",2018-06-17 18:56:20 +0000 UTC,41.9753349,-87.8902775,"10000 W O'Hare Ave, Chicago, IL 60666, USA",20.88,33.74,USD
Chicago,UberEATS Marketplace,COMPLETED,2018-06-17 01:08:10 +0000 UTC,2018-06-17 01:08:10 +0000 UTC,42.0609938,-87.6749603,,2018-06-17 01:38:50 +0000 UTC,42.0609938,-87.6749603,,1.87,17.62,USD
Chicago,,UNFULFILLED,2018-06-17 00:52:35 +0000 UTC,2018-06-17 01:04:35 +0000 UTC,42.0609938,-87.6749603,,2018-06-17 01:04:35 +0000 UTC,42.0609938,-87.6749603,,0.00,0,
Chicago,UberEATS Marketplace,COMPLETED,2018-06-16 17:31:19 +0000 UTC,2018-06-16 17:31:36 +0000 UTC,42.0609938,-87.6749603,,2018-06-16 18:10:53 +0000 UTC,42.0609938,-87.6749603,,4.44,20.15,USD
Chicago,Pool: MATCHED,COMPLETED,2018-06-16 16:42:45 +0000 UTC,2018-06-16 16:46:43 +0000 UTC,42.0608726,-87.6744553,"2420 Campus Dr, Evanston, IL 60201, US",2018-06-16 17:01:01 +0000 UTC,42.060853,-87.6746596,"10000 W O'Hare Ave, Chicago, IL 60666, USA",2.99,6.35,USD
Chicago,UberEATS Marketplace,COMPLETED,2018-06-16 02:36:27 +0000 UTC,2018-06-16 02:36:27 +0000 UTC,42.0609938,-87.6749603,,2018-06-16 03:11:47 +0000 UTC,42.0609938,-87.6749603,,1.87,14.92,USD
Chicago,UberEATS Marketplace,COMPLETED,2018-06-13 02:21:58 +0000 UTC,2018-06-13 02:22:03 +0000 UTC,42.0530531,-87.6747985,,2018-06-13 02:49:33 +0000 UTC,42.0530531,-87.6747985,,3.63,20.96,USD
Chicago,UberEATS Marketplace,CANCELED,2018-06-13 02:10:13 +0000 UTC,2018-06-13 02:10:19 +0000 UTC,42.0824,-87.7565,,2018-06-13 02:10:49 +0000 UTC,42.0824,-87.7565,,0.00,0,USD
Chicago,UberEATS Marketplace,COMPLETED,2018-05-27 01:59:10 +0000 UTC,2018-05-27 01:59:22 +0000 UTC,42.061006,-87.6750043,,2018-05-27 02:37:34 +0000 UTC,42.061006,-87.6750043,,1.89,16.44,USD
Chicago,POOL: MATCHED,COMPLETED,2018-05-25 19:47:09 +0000 UTC,2018-05-25 19:52:16 +0000 UTC,42.0608502,-87.6746035,"500 Campus Dr, Evanston, IL 60201, US",2018-05-25 20:07:46 +0000 UTC,42.0495284,-87.6818825,"1737 Sherman Ave, Evanston, IL 60201, USA",2.32,3.1,USD
Chicago,UberEATS Marketplace,COMPLETED,2018-05-17 21:27:46 +0000 UTC,2018-05-17 21:28:10 +0000 UTC,42.061006,-87.6750043,,2018-05-17 21:58:21 +0000 UTC,42.061006,-87.6750043,,1.39,19.81,USD
Chicago,POOL,COMPLETED,2018-04-30 18:41:07 +0000 UTC,2018-04-30 18:44:54 +0000 UTC,42.0615024353,-87.7519179975,"9933 Lawler Ave, Skokie, IL 60077, USA",2018-04-30 19:01:02 +0000 UTC,42.0608633571,-87.6746190806,"2420 Campus Dr, Evanston, IL 60201, USA",4.45,7.3,USD
Chicago,POOL,COMPLETED,2018-04-30 16:44:10 +0000 UTC,2018-04-30 16:47:15 +0000 UTC,42.0609428594,-87.6746977867,"2420 Campus Dr, Evanston, IL 60201, USA",2018-04-30 17:01:02 +0000 UTC,42.061491916,-87.7520022356,"9933 Lawler Ave Suite 401, Skokie, IL 60077, USA",4.30,8.4,USD
Chicago,UberEATS Marketplace,COMPLETED,2018-04-28 18:22:46 +0000 UTC,2018-04-28 18:23:01 +0000 UTC,42.061006,-87.6750043,,2018-04-28 18:55:52 +0000 UTC,42.061006,-87.6750043,,1.39,22.01,USD
Chicago,UberEATS Marketplace,COMPLETED,2018-04-19 22:57:43 +0000 UTC,2018-04-19 22:57:54 +0000 UTC,42.061006,-87.6750043,,2018-04-19 23:49:39 +0000 UTC,42.061006,-87.6750043,,4.00,22.74,USD
Chicago,,UNFULFILLED,2018-04-19 02:53:46 +0000 UTC,2018-04-19 03:05:26 +0000 UTC,42.061006,-87.6750043,,2018-04-19 03:05:26 +0000 UTC,42.061006,-87.6750043,,0.00,0,
Chicago,POOL,COMPLETED,2018-04-10 20:57:10 +0000 UTC,2018-04-10 20:59:42 +0000 UTC,42.0505934,-87.6776454,"1834 Chicago Ave, Evanston, IL 60201, USA",2018-04-10 21:08:01 +0000 UTC,42.0486563,-87.6990563,"1905 Church St, Evanston, IL 60201, USA",1.44,3.23,USD
Chicago,POOL: MATCHED,COMPLETED,2018-04-10 16:58:35 +0000 UTC,2018-04-10 17:05:39 +0000 UTC,42.0608048933,-87.6747331583,"2420 Campus Dr, Evanston, IL 60201, USA",2018-04-10 17:15:15 +0000 UTC,42.0510874761,-87.6745973351,"1860 Campus Dr, Evanston, IL 60208, USA",1.86,2.59,USD
Chicago,UberEATS Marketplace,COMPLETED,2018-04-10 03:22:48 +0000 UTC,2018-04-10 03:22:59 +0000 UTC,42.061006,-87.6750043,,2018-04-10 03:47:37 +0000 UTC,42.061006,-87.6750043,,2.94,19.54,USD
Chicago,UberEATS Marketplace,CANCELED,2018-04-10 03:20:35 +0000 UTC,2018-04-10 03:20:41 +0000 UTC,42.061006,-87.6750043,,2018-04-10 03:20:41 +0000 UTC,42.061006,-87.6750043,,0.00,0,USD
Chicago,POOL,COMPLETED,2018-04-09 13:34:02 +0000 UTC,2018-04-09 13:44:05 +0000 UTC,42.0522333077,-87.6736350451,"1949 Campus Dr, Evanston, IL 60208, USA",2018-04-09 13:49:59 +0000 UTC,42.0609146124,-87.6747239382,"2420 Campus Dr, Evanston, IL 60201, USA",1.32,2.21,USD
Chicago,POOL: MATCHED,COMPLETED,2018-04-09 13:12:23 +0000 UTC,2018-04-09 13:24:20 +0000 UTC,42.0601055256,-87.6748242937,"2420 Campus Dr, Evanston, IL 60201, USA",2018-04-09 13:28:44 +0000 UTC,42.0537492168,-87.6732620505,"1999 Campus Dr, Evanston, IL 60208, USA",0.58,2.35,USD
Chicago,UberEATS Marketplace,COMPLETED,2018-04-07 08:03:14 +0000 UTC,2018-04-07 08:03:14 +0000 UTC,42.061006,-87.6750043,,2018-04-07 08:29:30 +0000 UTC,42.061006,-87.6750043,,1.87,15.58,USD
Chicago,,UNFULFILLED,2018-04-07 07:44:57 +0000 UTC,2018-04-07 07:56:37 +0000 UTC,42.061006,-87.6750043,,2018-04-07 07:56:37 +0000 UTC,42.061006,-87.6750043,,0.00,0,
Chicago,POOL: MATCHED,COMPLETED,2018-04-02 18:12:01 +0000 UTC,2018-04-02 18:22:39 +0000 UTC,42.0614697878,-87.7521402017,"9933 Lawler Ave, Skokie, IL 60077, USA",2018-04-02 18:45:11 +0000 UTC,42.0606303402,-87.6743247081,,5.74,8.41,USD
Chicago,POOL,COMPLETED,2018-04-02 17:14:36 +0000 UTC,2018-04-02 17:20:33 +0000 UTC,42.0606573,-87.6741904,"2420 Campus Dr, Evanston, IL 60201, USA",2018-04-02 17:35:38 +0000 UTC,42.0615044,-87.7519591,"9933 Lawler Ave Suite 401, Skokie, IL 60077, USA",4.46,7.86,USD
Chicago,UberEATS Marketplace,COMPLETED,2018-03-30 10:59:45 +0000 UTC,2018-03-30 10:59:57 +0000 UTC,42.061006,-87.6750043,,2018-03-30 11:37:26 +0000 UTC,42.061006,-87.6750043,,2.96,17.41,USD
Chicago,POOL: MATCHED,COMPLETED,2018-03-29 21:05:31 +0000 UTC,2018-03-29 21:11:45 +0000 UTC,42.0604174073,-87.6746369421,"2420 Campus Dr, Evanston, IL 60201, USA",2018-03-29 21:25:07 +0000 UTC,42.04626483,-87.6817246829,"1571 Sherman Ave, Evanston, IL 60201, USA",2.63,2.56,USD
Chicago,UberEATS Marketplace,COMPLETED,2018-03-29 03:11:32 +0000 UTC,2018-03-29 03:11:32 +0000 UTC,42.061006,-87.6750043,,2018-03-29 03:50:20 +0000 UTC,42.061006,-87.6750043,,1.87,11.79,USD
Chicago,POOL,COMPLETED,2018-03-28 21:47:17 +0000 UTC,2018-03-28 21:53:06 +0000 UTC,42.0522366185,-87.6736974065,"1949 Campus Dr, Evanston, IL 60208, USA",2018-03-28 21:57:24 +0000 UTC,42.0601073493,-87.6748242198,,1.32,1.98,USD
Chicago,POOL: MATCHED,COMPLETED,2018-03-28 21:17:40 +0000 UTC,2018-03-28 21:23:05 +0000 UTC,42.0604503388,-87.6745347586,"2420 Campus Dr, Evanston, IL 60201, USA",2018-03-28 21:29:43 +0000 UTC,42.0555664134,-87.6754915529,"1970 Campus Dr, Evanston, IL 60201, United States",1.14,2.18,USD
Chicago,UberEATS Marketplace,COMPLETED,2018-03-27 01:29:59 +0000 UTC,2018-03-27 01:29:59 +0000 UTC,42.061006,-87.6750043,,2018-03-27 01:53:48 +0000 UTC,42.061006,-87.6750043,,1.87,14.59,USD
Chicago,POOL,COMPLETED,2018-03-26 17:57:31 +0000 UTC,2018-03-26 18:04:51 +0000 UTC,42.0606049863,-87.6742735132,"2420 Campus Dr, Evanston, IL 60201, USA",2018-03-26 18:11:51 +0000 UTC,42.0492873251,-87.6762713739,"1801 Hinman Ave, Evanston, IL 60208, USA",1.48,2.6,USD
Chicago,POOL,COMPLETED,2018-03-25 22:52:47 +0000 UTC,2018-03-25 22:55:33 +0000 UTC,42.0496496,-87.6817856,"1741 Sherman Ave, Evanston, IL 60201, USA",2018-03-25 23:04:14 +0000 UTC,42.0606967,-87.6752734,"2420 Campus Dr, Evanston, IL 60201, USA",1.46,2.19,USD
Chicago,POOL,DRIVER_CANCELED,2018-03-25 22:12:41 +0000 UTC,1970-01-01 00:00:00 +0000 UTC,42.0625818568,-87.718801098,,1970-01-01 00:00:00 +0000 UTC,42.0608435339,-87.674176097,"1622 Sherman Ave, Evanston, IL 60201, USA",0.00,5,USD
Chicago,POOL,DRIVER_CANCELED,2018-03-25 22:05:14 +0000 UTC,1970-01-01 00:00:00 +0000 UTC,42.0656544,-87.6777297,,1970-01-01 00:00:00 +0000 UTC,42.0605784,-87.6742456,"1622 Sherman Ave, Evanston, IL 60201, USA",0.00,5,USD
Chicago,POOL: MATCHED,COMPLETED,2018-03-18 21:25:00 +0000 UTC,2018-03-18 21:39:15 +0000 UTC,42.0604605,-87.6744679,"2420 Campus Dr, Evanston, IL 60201, USA",2018-03-18 21:45:14 +0000 UTC,42.0489477,-87.6818005,"1711 Sherman Ave, Evanston, IL 60201, US",1.35,3.33,USD
Chicago,POOL,COMPLETED,2018-03-09 21:04:02 +0000 UTC,2018-03-09 21:07:12 +0000 UTC,42.0607017,-87.67422,"2420 Campus Dr, Evanston, IL 60201, USA",2018-03-09 21:16:17 +0000 UTC,42.0485135,-87.6806151,"703 Church St, Evanston, IL 60201, USA",1.53,2.3,USD
Chicago,POOL,DRIVER_CANCELED,2018-03-09 20:57:34 +0000 UTC,1970-01-01 00:00:00 +0000 UTC,42.0604277,-87.6745266,,1970-01-01 00:00:00 +0000 UTC,42.0591443,-87.6738863,"703 Church St, Evanston, IL 60201, USA",0.00,5,USD
Chicago,POOL,COMPLETED,2018-02-27 00:46:48 +0000 UTC,2018-02-27 00:51:48 +0000 UTC,42.0606644126,-87.6742127259,"2420 Campus Dr, Evanston, IL 60201, USA",2018-02-27 00:55:29 +0000 UTC,42.0507474058,-87.6775670797,"Allison Hall, Evanston, IL 60208, USA",0.97,1.8399999999999999,USD
Chicago,POOL,COMPLETED,2018-02-26 19:24:00 +0000 UTC,2018-02-26 19:29:37 +0000 UTC,42.0615025,-87.7519943,"9933 Lawler Ave, Skokie, IL 60077, USA",2018-02-26 19:46:46 +0000 UTC,42.0607309,-87.6742251,"2420 Campus Dr, Evanston, IL 60201, USA",4.78,4.01,USD
Chicago,POOL,COMPLETED,2018-02-26 17:56:01 +0000 UTC,2018-02-26 17:58:51 +0000 UTC,42.0606771,-87.6741552,"2420 Campus Dr, Evanston, IL 60201, USA",2018-02-26 18:17:57 +0000 UTC,42.0614698,-87.7520636,"9933 Lawler Ave Suite 401, Skokie, IL 60077, USA",5.29,5.32,USD
Chicago,POOL,COMPLETED,2018-02-18 17:22:50 +0000 UTC,2018-02-18 17:33:13 +0000 UTC,42.0606513,-87.6742785,"2420 Campus Dr, Evanston, IL 60201, USA",2018-02-18 17:37:58 +0000 UTC,42.0488853,-87.6818286,"1711 Sherman Ave, Evanston, IL 60201, US",1.35,3.3,USD
Chicago,UberEATS Marketplace,COMPLETED,2018-02-17 07:27:14 +0000 UTC,2018-02-17 07:27:14 +0000 UTC,42.061006,-87.6750043,,2018-02-17 08:21:14 +0000 UTC,42.061006,-87.6750043,,1.87,14.71,USD
Chicago,UberEATS Marketplace,COMPLETED,2018-02-11 04:34:13 +0000 UTC,2018-02-11 04:34:13 +0000 UTC,42.061006,-87.6750043,,2018-02-11 05:10:11 +0000 UTC,42.061006,-87.6750043,,1.87,0,USD
Chicago,UberEATS Marketplace,COMPLETED,2018-02-09 19:53:30 +0000 UTC,2018-02-09 19:53:30 +0000 UTC,42.0610199,-87.6750124,,2018-02-09 20:21:16 +0000 UTC,42.0610199,-87.6750124,,1.87,15.61,USD
Chicago,Pool,DRIVER_CANCELED,2018-02-03 06:08:19 +0000 UTC,1970-01-01 00:00:00 +0000 UTC,42.0489498228,-87.674411377,,1970-01-01 00:00:00 +0000 UTC,42.0595517569,-87.6746932604,"2113 Maple Ave, Evanston, IL 60201, US",0.00,5,USD
Chicago,Pool: MATCHED,COMPLETED,2018-01-29 18:06:03 +0000 UTC,2018-01-29 18:11:31 +0000 UTC,42.0614523,-87.7520884,"9933 Lawler Ave, Skokie, IL 60077, USA",2018-01-29 18:28:04 +0000 UTC,42.0601704,-87.6748321,"2420 Campus Dr, Evanston, IL 60201, USA",4.88,5.51,USD
Chicago,Pool,COMPLETED,2018-01-29 16:02:09 +0000 UTC,2018-01-29 16:12:00 +0000 UTC,42.0616854,-87.6746473,"2420 Campus Dr, Evanston, IL 60201, USA",2018-01-29 16:30:19 +0000 UTC,42.0614856,-87.7519267,"5550 W Touhy Ave #303, Skokie, IL 60077, USA",4.61,10.24,USD
Chicago,Pool,COMPLETED,2018-01-03 14:54:23 +0000 UTC,2018-01-03 14:59:44 +0000 UTC,42.041204342,-87.6802938611,"528 Dempster St, Evanston, IL 60202, USA",2018-01-03 15:05:50 +0000 UTC,42.0539435845,-87.6858606472,"1102 Foster St, Evanston, IL 60201, US",1.48,3.07,USD
Chicago,Pool,COMPLETED,2017-12-11 20:34:48 +0000 UTC,2017-12-11 20:43:58 +0000 UTC,42.0614878094,-87.7521066852,"9933 Lawler Ave, Skokie, IL 60077, USA",2017-12-11 20:55:50 +0000 UTC,42.0539558307,-87.6861830057,"1102 Foster St, Evanston, IL 60201, US",4.07,1.5899999999999999,USD
Chicago,Pool,COMPLETED,2017-12-11 19:31:23 +0000 UTC,2017-12-11 19:34:30 +0000 UTC,42.053942,-87.6860234,"1102 Foster St, Evanston, IL 60201, USA",2017-12-11 19:46:05 +0000 UTC,42.0614674,-87.7520291,"9933 Lawler Ave, Skokie, IL 60077, USA",4.05,2.8200000000000003,USD
Chicago,Pool: MATCHED,COMPLETED,2017-12-09 18:24:32 +0000 UTC,2017-12-09 18:26:13 +0000 UTC,42.0601655,-87.6748733,"2420 Campus Dr, Evanston, IL 60201, USA",2017-12-09 18:32:11 +0000 UTC,42.053893,-87.6858149,"1102 Foster St, Evanston, IL 60201, US",1.30,0,USD
Chicago,Pool,CANCELED,2017-12-09 18:14:53 +0000 UTC,1970-01-01 00:00:00 +0000 UTC,42.0534295,-87.6771835,,1970-01-01 00:00:00 +0000 UTC,42.0601213,-87.6748254,"1102 Foster St, Evanston, IL 60201, US",0.00,2,USD
Chicago,Pool: MATCHED,COMPLETED,2017-11-14 21:37:14 +0000 UTC,2017-11-14 21:40:47 +0000 UTC,42.0614550356,-87.7518932708,"9933 Lawler Ave, Skokie, IL 60077, USA",2017-11-14 22:01:36 +0000 UTC,42.0608584956,-87.6746553742,"2420 Campus Dr, Evanston, IL 60201, USA",5.41,6.09,USD
Chicago,Pool: MATCHED,COMPLETED,2017-11-14 20:21:56 +0000 UTC,2017-11-14 20:31:10 +0000 UTC,42.0505772,-87.6738032,"1850 Campus Dr, Evanston, IL 60208, USA",2017-11-14 20:55:50 +0000 UTC,42.0615096,-87.7520161,"9933 Lawler Ave, Skokie, IL 60077, USA",6.24,6.98,USD
Chicago,UberEATS Marketplace,COMPLETED,2017-11-04 08:44:16 +0000 UTC,2017-11-04 08:44:16 +0000 UTC,42.061006,-87.6750043,,2017-11-04 09:15:39 +0000 UTC,42.061006,-87.6750043,,1.87,12.02,USD
Chicago,Pool: MATCHED,COMPLETED,2017-10-30 16:55:19 +0000 UTC,2017-10-30 17:00:02 +0000 UTC,42.039015422,-87.8488696598,"1875 Dempster St, Park Ridge, IL 60068, USA",2017-10-30 17:31:59 +0000 UTC,42.0507369461,-87.6774958592,"555 Clark St, Evanston, Illinois 60208, US",10.94,8.89,USD
Chicago,Pool,COMPLETED,2017-10-30 14:33:25 +0000 UTC,2017-10-30 14:36:34 +0000 UTC,42.0609204378,-87.6746247803,"2420 Campus Dr, Evanston, IL 60201, USA",2017-10-30 15:02:42 +0000 UTC,42.0390230082,-87.8486461551,"1875 W Dempster St, Park Ridge, Illinois 60068, US",10.63,10.44,USD
Chicago,uberX,COMPLETED,2017-10-22 21:12:36 +0000 UTC,2017-10-22 21:16:42 +0000 UTC,42.0532207797,-87.6786777657,"Forest-Walker Undergraduate Housing Complex, Evanston, IL 60201, USA",2017-10-22 21:41:33 +0000 UTC,41.9641663274,-87.685697442,"4539 N Lincoln Ave, Chicago, Illinois 60625, US",7.00,20.37,USD
Chicago,Pool,COMPLETED,2017-10-12 13:54:53 +0000 UTC,2017-10-12 13:57:20 +0000 UTC,42.0608581603,-87.6744283085,"2420 Campus Dr, Evanston, IL 60201, USA",2017-10-12 14:04:18 +0000 UTC,42.0494180735,-87.6762120881,"1810 Hinman Ave, Evanston, Illinois 60208, US",1.17,2.68,USD
Chicago,Pool: MATCHED,COMPLETED,2017-10-10 21:35:48 +0000 UTC,2017-10-10 21:39:50 +0000 UTC,42.0614736,-87.7521858,"9933 Lawler Ave, Skokie, IL 60077, USA",2017-10-10 22:05:40 +0000 UTC,42.060934,-87.6746837,"2420 Campus Dr, Evanston, IL 60201, USA",6.84,4.54,USD
Chicago,Pool: MATCHED,COMPLETED,2017-10-10 19:48:49 +0000 UTC,2017-10-10 19:55:44 +0000 UTC,42.0503338175,-87.674028362,"1856 Sheridan Rd, Evanston, IL 60201, USA",2017-10-10 20:30:49 +0000 UTC,42.0614461508,-87.7521143854,"9933 Lawler Ave, Skokie, IL 60077, USA",7.58,3.7800000000000002,USD
Chicago,Pool: MATCHED,COMPLETED,2017-10-10 16:16:00 +0000 UTC,2017-10-10 16:17:38 +0000 UTC,42.0126253938,-87.7671048795,"5662 Touhy Ave, Niles, IL 60714, USA",2017-10-10 16:40:04 +0000 UTC,42.0607788847,-87.6746597506,"2420 Campus Dr, Evanston, IL 60201, USA",8.06,4.61,USD
Chicago,Pool,COMPLETED,2017-10-10 14:52:58 +0000 UTC,2017-10-10 14:55:33 +0000 UTC,42.0583657,-87.6774429,"600-636 Noyes St, Evanston, IL 60201, USA",2017-10-10 15:16:21 +0000 UTC,42.0124775,-87.7670332,"5550 Touhy Ave #303, Skokie, IL 60077, USA",7.08,4.28,USD
Chicago,Pool,COMPLETED,2017-09-26 21:19:53 +0000 UTC,2017-09-26 21:22:46 +0000 UTC,42.0608414,-87.6746236,"2420 Campus Dr, Evanston, IL 60201, USA",2017-09-26 21:32:47 +0000 UTC,42.0484144,-87.699386,"1905 Church St, Evanston, IL 60201, USA",2.15,5.57,USD
Chicago,Pool,COMPLETED,2017-09-25 17:44:35 +0000 UTC,2017-09-25 17:53:39 +0000 UTC,42.0614812,-87.7519121,"9933 Lawler Ave, Skokie, IL 60077, USA",2017-09-25 18:08:35 +0000 UTC,42.0608844,-87.6746326,"2420 Campus Dr, Evanston, IL 60201, USA",4.45,7.05,USD
Chicago,Pool,COMPLETED,2017-09-25 16:46:36 +0000 UTC,2017-09-25 16:51:01 +0000 UTC,42.0602088981,-87.6747077611,"2420 Campus Dr, Evanston, IL 60201, USA",2017-09-25 17:05:13 +0000 UTC,42.0614273753,-87.7520803549,"9933 Lawler Ave, Skokie, IL 60077, USA",4.56,9.74,USD
Chicago,XL,COMPLETED,2017-09-23 00:22:04 +0000 UTC,2017-09-23 00:30:02 +0000 UTC,42.0568843838,-87.6863554214,"2133 Ridge Ave, Evanston, IL 60201, USA",2017-09-23 00:43:03 +0000 UTC,42.0586784429,-87.6771936665,"2420 Campus Dr, Evanston, IL 60201, USA",0.94,8.27,USD
Chicago,uberX,CANCELED,2017-09-23 00:12:05 +0000 UTC,2017-09-23 00:17:23 +0000 UTC,42.0488540192,-87.6847301534,"2131 Ridge Ave, Evanston, IL 60201, USA",1970-01-01 00:00:00 +0000 UTC,42.0567914285,-87.6865231433,"2420 Campus Dr, Evanston, IL 60201, USA",0.12,4.6,USD
Chicago,uberX,COMPLETED,2017-09-20 04:28:17 +0000 UTC,2017-09-20 04:31:37 +0000 UTC,41.9763167169,-87.9028175673,"Terminal 3, Upper Level, Left of Door 3A, O'Hare International Airport",2017-09-20 05:03:46 +0000 UTC,42.0610200987,-87.6747154725,"2420 Campus Dr, Evanston, IL 60201, USA",17.84,36.18,USD
"Rochester, MN",uberX,COMPLETED,2017-08-23 16:39:18 +0000 UTC,2017-08-23 16:41:15 +0000 UTC,44.0239609871,-92.4547358976,"607 E Center St, Rochester, MN 55904, USA",2017-08-23 16:45:21 +0000 UTC,44.0171093261,-92.4647215941,"205 6th St SW, Rochester, MN 55902, USA",0.97,6.4,USD
"Rochester, MN",uberX,COMPLETED,2017-08-18 22:47:15 +0000 UTC,2017-08-18 22:51:30 +0000 UTC,44.0216429,-92.4635301,"7 2nd St SW, Rochester, MN 55902, USA",2017-08-18 22:57:57 +0000 UTC,44.0239753,-92.4547029,"607 E Center St, Rochester, MN 55904, USA",1.16,6.4,USD
"Rochester, MN",uberX,COMPLETED,2017-08-14 02:07:00 +0000 UTC,2017-08-14 02:17:41 +0000 UTC,43.9580587,-92.4597868,"4340 Maine Ave SE, Rochester, MN 55904, USA",2017-08-14 02:33:51 +0000 UTC,44.0223031,-92.4633424,,5.54,10.61,USD
"Rochester, MN",uberX,COMPLETED,2017-08-13 23:43:33 +0000 UTC,2017-08-13 23:48:35 +0000 UTC,44.0229732637,-92.4661892653,"34-98 2nd Ave SW, Rochester, MN 55902, USA",2017-08-14 00:03:25 +0000 UTC,43.9579617978,-92.4597890955,"4340 Maine Ave SE, Rochester, MN 55904, USA",6.86,10.38,USD
"Rochester, MN",uberX,CANCELED,2017-08-13 23:42:57 +0000 UTC,1970-01-01 00:00:00 +0000 UTC,44.0249298176,-92.4616265042,,1970-01-01 00:00:00 +0000 UTC,44.0253458611,-92.4616437239,"4340 Maine Ave SE, Rochester, MN 55904, USA",0.00,0,USD
"Rochester, MN",uberX,COMPLETED,2017-08-06 18:13:50 +0000 UTC,2017-08-06 18:19:08 +0000 UTC,44.0214178,-92.485808,"1510 2nd St SW, Rochester, MN 55902, USA",2017-08-06 18:28:40 +0000 UTC,44.0239669,-92.4547783,"607 E Center St, Rochester, MN 55904, USA",2.15,6.4,USD
"Rochester, MN",uberX,COMPLETED,2017-08-06 17:56:35 +0000 UTC,2017-08-06 18:01:30 +0000 UTC,44.0233955,-92.4546422,"601-611 E Center St, Rochester, MN 55904, USA",2017-08-06 18:08:25 +0000 UTC,44.0214018,-92.4859085,"1510 2nd St SW, Rochester, MN 55902, USA",2.06,7.37,USD
"Rochester, MN",uberX,CANCELED,2017-08-06 17:41:46 +0000 UTC,1970-01-01 00:00:00 +0000 UTC,44.0073935584,-92.4631110025,,1970-01-01 00:00:00 +0000 UTC,44.0235260327,-92.4538889642,"1510 2nd St SW, Rochester, MN 55902, USA",0.00,5,USD
"Rochester, MN",uberX,COMPLETED,2017-08-02 11:24:43 +0000 UTC,2017-08-02 11:29:51 +0000 UTC,44.0239859652,-92.4546527491,"607 E Center St, Rochester, MN 55904, USA",2017-08-02 11:33:00 +0000 UTC,44.0204319431,-92.4671989208,"222 3rd Ave SW, Rochester, MN 55905, USA",0.87,6.4,USD
"Rochester, MN",uberX,COMPLETED,2017-07-27 23:40:21 +0000 UTC,2017-07-27 23:43:17 +0000 UTC,44.0060515031,-92.4640613903,"1247 S Broadway, Rochester, MN 55904, USA",2017-07-27 23:52:31 +0000 UTC,44.0215803588,-92.463253614,"Rosa Parks Pavilion, 195 S Broadway, Rochester, MN 55904, USA",1.46,6.4,USD
"Rochester, MN",uberX,COMPLETED,2017-07-27 23:18:54 +0000 UTC,2017-07-27 23:20:27 +0000 UTC,44.021706,-92.4636101,"7 2nd St SW, Rochester, MN 55902, USA",2017-07-27 23:29:56 +0000 UTC,44.0059514,-92.464018,"1201 S Broadway, Rochester, MN 55904, USA",1.32,6.4,USD
"Rochester, MN",uberX,COMPLETED,2017-07-24 14:03:32 +0000 UTC,2017-07-24 14:08:03 +0000 UTC,44.0215775551,-92.4637731559,"7 2nd St SW, Rochester, MN 55902, USA",2017-07-24 14:13:58 +0000 UTC,44.0237969758,-92.4539344802,"607 E Center St, Rochester, MN 55904, USA",1.17,6.4,USD
Chicago,Pool,COMPLETED,2017-06-26 21:49:58 +0000 UTC,2017-06-26 21:56:04 +0000 UTC,41.9101577951,-87.6774367987,"1588 N Damen Ave, Chicago, IL 60622, USA",2017-06-26 22:44:18 +0000 UTC,42.0496592671,-87.6819151082,"1734 Sherman Ave, Evanston, IL 60201, USA",16.99,14.39,USD
Chicago,Pool,COMPLETED,2017-06-26 19:58:50 +0000 UTC,2017-06-26 20:02:25 +0000 UTC,42.061491,-87.7519416,"Lavergne Ave, Skokie, IL 60077, USA",2017-06-26 20:54:31 +0000 UTC,41.9094999,-87.6760931,"1552 N Milwaukee Ave, Chicago, IL 60622, USA",13.85,19.2,USD
Chicago,Pool: MATCHED,COMPLETED,2017-06-26 17:29:46 +0000 UTC,2017-06-26 17:36:34 +0000 UTC,41.97622885,-87.9031325598,"Terminal 3, Upper Level, Left of Door 3A, O'Hare International Airport",2017-06-26 18:14:53 +0000 UTC,42.0615013456,-87.7518903372,"9933 Lawler Ave, Skokie, IL 60077, USA",16.61,27.72,USD
"Rochester, MN",uberX,COMPLETED,2017-06-13 15:34:33 +0000 UTC,2017-06-13 15:36:51 +0000 UTC,44.0031447,-92.4790601,"901 Apache Mall, Rochester, MN 55902, USA",2017-06-13 15:45:28 +0000 UTC,44.0225634,-92.4663359,"20 2nd Ave SW, Rochester, MN 55902, USA",2.39,6.4,USD
"Rochester, MN",uberX,COMPLETED,2017-06-13 14:54:02 +0000 UTC,2017-06-13 14:56:55 +0000 UTC,44.0229762,-92.4662093,"34-98 2nd Ave SW, Rochester, MN 55902, USA",2017-06-13 15:05:38 +0000 UTC,44.0027347,-92.4805901,"Apache Mall, Rochester, MN 55902, USA",2.72,6.48,USD
"Rochester, MN",uberX,COMPLETED,2017-06-13 00:19:32 +0000 UTC,2017-06-13 00:27:04 +0000 UTC,43.9865430445,-92.4603728257,"25 25th St SE, Rochester, MN 55904, USA",2017-06-13 00:39:05 +0000 UTC,44.022722551,-92.4659682769,"20 2nd Ave SW, Rochester, MN 55902, USA",5.77,7.16,USD
"Rochester, MN",uberX,COMPLETED,2017-06-12 23:38:44 +0000 UTC,2017-06-12 23:43:51 +0000 UTC,44.000564977,-92.4809153899,"1200 16th St SW, Rochester, MN 55902, USA",2017-06-12 23:51:48 +0000 UTC,43.9862097289,-92.4607513566,"25 25th St SE, Rochester, MN 55904, USA",2.15,6.53,USD
"Rochester, MN",uberX,COMPLETED,2017-06-12 22:36:04 +0000 UTC,2017-06-12 22:39:06 +0000 UTC,44.0230754,-92.4661096,"34-98 2nd Ave SW, Rochester, MN 55902, USA",2017-06-12 22:50:23 +0000 UTC,44.0051293,-92.4785275,"646 Apache Mall, Rochester, MN 55902, USA",3.04,6.49,USD
"Rochester, MN",uberX,COMPLETED,2017-06-11 20:25:37 +0000 UTC,2017-06-11 20:29:03 +0000 UTC,44.0170594874,-92.4660532734,"519 2nd Ave SW, Rochester, MN 55902, USA",2017-06-11 20:33:06 +0000 UTC,44.0226834331,-92.4659677762,"20 2nd Ave SW, Rochester, MN 55902, USA",0.65,6.4,USD
Chicago,Pool: MATCHED,COMPLETED,2017-06-10 19:48:35 +0000 UTC,2017-06-10 19:55:14 +0000 UTC,42.0566829667,-87.6866755263,"2133 Ridge Ave, Evanston, IL 60201, USA",2017-06-10 20:59:50 +0000 UTC,41.8743998169,-87.6426926463,"630 W Harrison St, Chicago, IL 60607, USA",14.99,19.05,USD
Chicago,XL,COMPLETED,2017-06-10 18:59:11 +0000 UTC,2017-06-10 19:03:23 +0000 UTC,42.0600167,-87.6747833,"2379 Campus Dr, Evanston, IL 60201, USA",2017-06-10 19:29:43 +0000 UTC,42.0569483,-87.686395,"2133 Ridge Ave, Evanston, IL 60201, USA",1.11,8.65,USD
Chicago,Pool,COMPLETED,2017-06-09 15:31:51 +0000 UTC,2017-06-09 15:36:59 +0000 UTC,42.0123103,-87.7667611,"5564-5598 Touhy Ave, Niles, IL 60714, USA",2017-06-09 15:58:26 +0000 UTC,42.0608895,-87.6747436,"2420 Campus Dr, Evanston, IL 60201, USA",9.91,13.23,USD
Chicago,Pool,COMPLETED,2017-06-09 14:39:57 +0000 UTC,2017-06-09 14:48:03 +0000 UTC,42.0600576,-87.6748098,"2379 Campus Dr, Evanston, IL 60201, USA",2017-06-09 15:12:33 +0000 UTC,42.0124787,-87.7670655,"5550 Touhy Ave #303, Skokie, IL 60077, USA",8.07,14.83,USD
Chicago,Pool,COMPLETED,2017-05-19 18:03:10 +0000 UTC,2017-05-19 18:08:27 +0000 UTC,42.0124883764,-87.7670556308,"5550 Touhy Ave #303, Skokie, IL 60077, USA",2017-05-19 18:34:55 +0000 UTC,42.0603786441,-87.6746733785,"2420 Campus Dr, Evanston, IL 60201, USA",7.70,13.28,USD
Chicago,Pool,DRIVER_CANCELED,2017-05-19 17:48:51 +0000 UTC,1970-01-01 00:00:00 +0000 UTC,,,,1970-01-01 00:00:00 +0000 UTC,,,"2420 Campus Dr, Evanston, IL 60201, USA",0.00,5,USD
Chicago,Pool,DRIVER_CANCELED,2017-05-19 17:43:15 +0000 UTC,1970-01-01 00:00:00 +0000 UTC,,,,1970-01-01 00:00:00 +0000 UTC,,,"2420 Campus Dr, Evanston, IL 60201, USA",0.00,0,USD
Chicago,Pool,COMPLETED,2017-05-19 16:48:42 +0000 UTC,2017-05-19 16:51:51 +0000 UTC,42.0601155,-87.6747551,"2379 Campus Dr, Evanston, IL 60201, USA",2017-05-19 17:17:44 +0000 UTC,42.0128233,-87.7670265,"5550 Touhy Ave #303, Skokie, IL 60077, USA",8.02,14.88,USD
Chicago,Pool,DRIVER_CANCELED,2017-05-19 16:43:07 +0000 UTC,1970-01-01 00:00:00 +0000 UTC,,,,1970-01-01 00:00:00 +0000 UTC,,,"5550 Touhy Ave #303, Skokie, IL 60077, USA",0.00,5,USD
Chicago,Pool: MATCHED,COMPLETED,2017-05-15 20:07:32 +0000 UTC,2017-05-15 20:14:07 +0000 UTC,42.0614733,-87.7519319,"9933 Lawler Ave, Skokie, IL 60077, USA",2017-05-15 20:35:14 +0000 UTC,42.060339,-87.6747851,"2420 Campus Dr, Evanston, IL 60201, USA",5.54,10.06,USD
Chicago,Pool: MATCHED,COMPLETED,2017-05-15 18:27:37 +0000 UTC,2017-05-15 18:31:51 +0000 UTC,42.0601067382,-87.6748134539,"2324 Campus Dr, Evanston, IL 60201, USA",2017-05-15 18:53:33 +0000 UTC,42.0614761161,-87.7520624176,"9933 Lawler Ave, Skokie, IL 60077, USA",5.66,8.83,USD
Chicago,Pool,COMPLETED,2017-05-13 18:33:44 +0000 UTC,2017-05-13 18:41:17 +0000 UTC,42.0497639571,-87.6816991066,"1741 Sherman Ave, Evanston, IL 60201, USA",2017-05-13 18:47:35 +0000 UTC,42.0601294795,-87.6747483295,"2420 Campus Dr, Evanston, IL 60201, USA",1.35,3.51,USD
Chicago,Pool,DRIVER_CANCELED,2017-05-13 18:33:04 +0000 UTC,1970-01-01 00:00:00 +0000 UTC,,,,1970-01-01 00:00:00 +0000 UTC,,,"2420 Campus Dr, Evanston, IL 60201, USA",0.00,0,USD
Chicago,Pool: MATCHED,COMPLETED,2017-05-13 18:08:11 +0000 UTC,2017-05-13 18:12:48 +0000 UTC,42.0600682659,-87.6748141714,"2332 Campus Dr, Evanston, IL 60208, USA",2017-05-13 18:19:57 +0000 UTC,42.0498436808,-87.6817772193,"1745 Sherman Ave, Evanston, Illinois 60201, US",1.65,3.3,USD
Chicago,Pool,COMPLETED,2017-05-04 13:24:36 +0000 UTC,2017-05-04 13:29:53 +0000 UTC,42.0547057,-87.7438584,"4711 Golf Rd, Skokie, IL 60076, USA",2017-05-04 13:46:16 +0000 UTC,42.0613683,-87.6741939,"2420 Campus Dr, Evanston, IL 60201, USA",4.11,8.13,USD
Chicago,,UNFULFILLED,2017-05-04 13:20:20 +0000 UTC,1970-01-01 00:00:00 +0000 UTC,,,,1970-01-01 00:00:00 +0000 UTC,,,"2420 Campus Dr, Evanston, IL 60201, USA",0.00,0,
Chicago,Pool: MATCHED,COMPLETED,2017-05-04 12:42:25 +0000 UTC,2017-05-04 12:52:34 +0000 UTC,42.0609156667,-87.6743746667,"2420 Campus Dr, Evanston, IL 60201, USA",2017-05-04 13:07:26 +0000 UTC,42.0547781667,-87.7439031667,"4711 Golf Rd, Skokie, IL 60076, USA",4.17,8.88,USD
Chicago,Pool,COMPLETED,2017-04-27 13:59:16 +0000 UTC,2017-04-27 14:02:13 +0000 UTC,42.0546582761,-87.7438138706,"4711 Golf Rd, Skokie, IL 60076, USA",2017-04-27 14:14:12 +0000 UTC,42.0521017956,-87.6791520976,"633 Emerson St, Evanston, IL 60201, USA",3.48,7.4,USD
Chicago,Pool: MATCHED,COMPLETED,2017-04-27 12:30:42 +0000 UTC,2017-04-27 12:36:45 +0000 UTC,42.0603568,-87.6747228,"2420 Campus Dr, Evanston, IL 60201, USA",2017-04-27 12:52:18 +0000 UTC,42.0546816,-87.7437651,"4711 Golf Rd, Skokie, IL 60076, USA",4.12,8.61,USD
Chicago,Pool,COMPLETED,2017-04-15 21:06:16 +0000 UTC,2017-04-15 21:10:06 +0000 UTC,42.0484101,-87.6993158,"1905 Church St, Evanston, IL 60201, USA",2017-04-15 21:20:40 +0000 UTC,42.060093,-87.674795,"2420 Campus Dr, Evanston, IL 60201, USA",2.27,4.84,USD
Chicago,Pool,COMPLETED,2017-04-15 20:25:41 +0000 UTC,2017-04-15 20:32:26 +0000 UTC,42.0457055,-87.6818307,"1551 Sherman Ave, Evanston, IL 60201, USA",2017-04-15 20:37:58 +0000 UTC,42.0484257,-87.6991787,"1905 Church St, Evanston, IL 60201, USA",1.08,4.88,USD
Chicago,Pool: MATCHED,COMPLETED,2017-04-15 19:42:32 +0000 UTC,2017-04-15 20:10:39 +0000 UTC,42.0599246,-87.6748621,"2324 Campus Dr, Evanston, IL 60201, USA",2017-04-15 20:18:34 +0000 UTC,42.0458187,-87.6819493,"1555 Sherman Ave, Evanston, Illinois 60201, US",1.75,4.6,USD
Chicago,UberEATS Marketplace,COMPLETED,2017-04-15 15:48:50 +0000 UTC,2017-04-15 15:49:05 +0000 UTC,42.0609914,-87.6742266,,2017-04-15 16:31:36 +0000 UTC,42.0609914,-87.6742266,,1.47,25.84,USD
Chicago,Pool: MATCHED,COMPLETED,2017-04-10 19:30:03 +0000 UTC,2017-04-10 19:37:19 +0000 UTC,42.0547063463,-87.7437635791,"4709 Golf Rd, Skokie, IL 60076, USA",2017-04-10 19:50:20 +0000 UTC,42.0601079927,-87.6748134305,"2420 Campus Dr, Evanston, IL 60201, USA",4.38,8.67,USD
Chicago,Pool,COMPLETED,2017-04-10 18:30:35 +0000 UTC,2017-04-10 18:34:41 +0000 UTC,42.0601789,-87.6746954,"2420 Campus Dr, Evanston, IL 60201, USA",2017-04-10 18:49:49 +0000 UTC,42.0546083,-87.743804,"4711 Golf Rd, Skokie, IL 60076, USA",4.16,8.39,USD
Chicago,Pool,COMPLETED,2017-04-07 15:42:26 +0000 UTC,2017-04-07 15:49:03 +0000 UTC,42.0124734,-87.7670768,"7100-7136 Central Ave, Niles, IL 60714, USA",2017-04-07 16:15:12 +0000 UTC,42.0603432,-87.6747578,"2420 Campus Dr, Evanston, IL 60201, USA",8.51,12.21,USD
Chicago,uberX,COMPLETED,2017-04-07 14:40:32 +0000 UTC,2017-04-07 14:45:48 +0000 UTC,42.0603513904,-87.6748331544,"2420 Campus Dr, Evanston, IL 60201, USA",2017-04-07 15:06:02 +0000 UTC,42.0123759332,-87.7671583091,"5550 Touhy Ave #303, Skokie, IL 60077, USA",9.69,14.84,USD
Chicago,Pool,CANCELED,2017-04-07 14:39:09 +0000 UTC,1970-01-01 00:00:00 +0000 UTC,42.0645309007,-87.6772431192,,1970-01-01 00:00:00 +0000 UTC,42.0647450164,-87.6773345658,"5550 Touhy Ave #303, Skokie, IL 60077, USA",0.00,2,USD
Chicago,Pool,COMPLETED,2017-04-03 18:32:30 +0000 UTC,2017-04-03 18:34:35 +0000 UTC,42.059656363,-87.6747389418,"2324 Campus Dr, Evanston, IL 60201, USA",2017-04-03 18:47:08 +0000 UTC,42.0484358445,-87.6995585115,"1905 Church St, Evanston, IL 60201, USA",2.56,6.69,USD
Chicago,Pool,COMPLETED,2017-03-24 10:06:41 +0000 UTC,2017-03-24 10:11:06 +0000 UTC,42.0603352553,-87.6747736429,"2420 Campus Dr, Evanston, IL 60201, USA",2017-03-24 10:16:40 +0000 UTC,42.0496883942,-87.6817513258,"1745 Sherman Ave, Evanston, IL 60201, USA",1.31,4.67,USD
Chicago,Pool,COMPLETED,2017-03-23 10:54:07 +0000 UTC,2017-03-23 11:00:59 +0000 UTC,42.0604297,-87.6746486,"2420 Campus Dr, Evanston, IL 60201, USA",2017-03-23 11:06:03 +0000 UTC,42.0497261,-87.681928,"1745 Sherman Ave, Evanston, IL 60201, US",1.51,5.07,USD
Chicago,Pool,COMPLETED,2017-03-03 04:16:22 +0000 UTC,2017-03-03 04:19:54 +0000 UTC,42.0602756,-87.6747251,"2420 Campus Dr, Evanston, IL 60201, USA",2017-03-03 04:25:16 +0000 UTC,42.0490412,-87.6847771,"1715 Maple Ave, Evanston, IL 60201, US",1.51,4.82,USD
Chicago,Pool,COMPLETED,2017-02-28 20:49:22 +0000 UTC,2017-02-28 20:53:52 +0000 UTC,42.061461322,-87.7518539597,"9933 Lawler Ave, Skokie, IL 60077, USA",2017-02-28 21:11:08 +0000 UTC,42.0603267895,-87.674755035,"2420 Campus Dr, Evanston, IL 60201, USA",4.51,8.4,USD
Chicago,Pool: MATCHED,COMPLETED,2017-02-28 19:30:56 +0000 UTC,2017-02-28 19:35:56 +0000 UTC,42.0601276,-87.6747198,"2420 Campus Dr, Evanston, IL 60201, USA",2017-02-28 19:55:49 +0000 UTC,42.061498,-87.7519477,"9933 Lawler Ave, Skokie, IL 60077, USA",6.64,8.69,USD
Chicago,Pool: MATCHED,COMPLETED,2017-02-21 19:34:38 +0000 UTC,2017-02-21 19:39:30 +0000 UTC,42.0483972,-87.6991782,"1905 Church St, Evanston, IL 60201, USA",2017-02-21 19:52:02 +0000 UTC,42.0590547,-87.6738971,"2420 Campus Dr, Evanston, IL 60201, USA",2.34,5.63,USD
Chicago,Pool,COMPLETED,2017-02-21 18:55:26 +0000 UTC,2017-02-21 18:59:58 +0000 UTC,42.0603719261,-87.674763836,"2420 Campus Dr, Evanston, IL 60201, USA",2017-02-21 19:08:04 +0000 UTC,42.0484544104,-87.6993749478,"1905 Church St, Evanston, Illinois 60201, US",2.24,5.46,USD
Chicago,Pool: MATCHED,COMPLETED,2017-02-18 19:17:42 +0000 UTC,2017-02-18 19:20:06 +0000 UTC,41.9950882998,-87.6603428555,"6221 North Broadway, Chicago, IL 60660, USA",2017-02-18 19:46:26 +0000 UTC,42.0602453594,-87.6748395246,"2420 Campus Dr, Evanston, IL 60201, USA",6.53,6.89,USD
Chicago,Pool: MATCHED,COMPLETED,2017-02-18 17:51:56 +0000 UTC,2017-02-18 18:00:44 +0000 UTC,42.060378003,-87.6747141314,"2420 Campus Dr, Evanston, IL 60201, USA",2017-02-18 18:31:42 +0000 UTC,41.9950359548,-87.6603869443,"6221 N Broadway St, Chicago, IL 60660, US",6.97,4.73,USD
Chicago,Pool: MATCHED,COMPLETED,2017-01-24 21:01:15 +0000 UTC,2017-01-24 21:04:48 +0000 UTC,42.0615038,-87.7519826,"9933 Lawler Ave, Skokie, IL 60077, USA",2017-01-24 21:23:43 +0000 UTC,42.0601467,-87.6748158,"2420 Campus Dr, Evanston, IL 60201, USA",5.52,8.7,USD
Chicago,Pool,COMPLETED,2017-01-24 19:25:42 +0000 UTC,2017-01-24 19:30:51 +0000 UTC,42.060386804,-87.6745401231,"2420 Campus Dr, Evanston, IL 60201, USA",2017-01-24 19:44:52 +0000 UTC,42.0614983282,-87.7519570571,"9933 Lawler Ave, Skokie, IL 60077, USA",5.12,8.57,USD
Chicago,UberEATS Marketplace,COMPLETED,2017-01-19 04:21:20 +0000 UTC,2017-01-19 04:22:53 +0000 UTC,42.0609914,-87.6742266,,2017-01-19 04:44:10 +0000 UTC,42.0609914,-87.6742266,,1.19,15.07,USD
Chicago,UberEATS Marketplace,COMPLETED,2017-01-15 03:07:52 +0000 UTC,2017-01-15 03:08:31 +0000 UTC,42.0609914,-87.6742266,,2017-01-15 03:34:13 +0000 UTC,42.0609914,-87.6742266,,1.27,9.61,USD
Chicago,UberEATS Marketplace,COMPLETED,2017-01-14 00:46:03 +0000 UTC,2017-01-14 00:46:31 +0000 UTC,42.0609914,-87.6742266,,2017-01-14 01:18:59 +0000 UTC,42.0609914,-87.6742266,,4.52,10.79,USD
Chicago,Pool,COMPLETED,2017-01-10 19:23:30 +0000 UTC,2017-01-10 19:25:50 +0000 UTC,42.0495834,-87.6817546,"1741 Sherman Ave, Evanston, IL 60201, USA",2017-01-10 19:32:20 +0000 UTC,42.06029,-87.6747661,"2420 Campus Dr, Evanston, IL 60201, USA",1.46,4.6,USD
Chicago,Pool,COMPLETED,2017-01-10 18:47:41 +0000 UTC,2017-01-10 18:53:40 +0000 UTC,42.0606058552,-87.6742942536,"2420 Campus Dr, Evanston, IL 60201, USA",2017-01-10 19:01:47 +0000 UTC,42.0492766451,-87.6818035087,"1711 Sherman Ave, Evanston, Illinois 60201, US",1.62,3.68,USD
Chicago,UberEATS Marketplace,COMPLETED,2017-01-09 23:26:29 +0000 UTC,2017-01-09 23:26:56 +0000 UTC,42.0609914,-87.6742266,,2017-01-10 00:03:52 +0000 UTC,42.0609914,-87.6742266,,1.28,15.12,USD
Chicago,UberEATS Marketplace,COMPLETED,2017-01-08 22:50:33 +0000 UTC,2017-01-08 22:51:03 +0000 UTC,42.059116,-87.6741073,,2017-01-08 23:36:27 +0000 UTC,42.059116,-87.6741073,,5.10,19.3,USD
Chicago,UberEATS Marketplace,COMPLETED,2017-01-07 03:10:56 +0000 UTC,2017-01-07 03:11:37 +0000 UTC,42.0609914,-87.6742266,,2017-01-07 03:42:21 +0000 UTC,42.0609914,-87.6742266,,3.90,18.2,USD
Chicago,Pool,COMPLETED,2017-01-06 20:00:02 +0000 UTC,2017-01-06 20:04:06 +0000 UTC,42.0496792999,-87.681891555,"1732 Sherman Ave, Evanston, IL 60201, USA",2017-01-06 20:09:43 +0000 UTC,42.060653378,-87.6742431633,"2420 Campus Dr, Evanston, IL 60201, USA",1.43,4.59,USD
Chicago,Pool: MATCHED,COMPLETED,2017-01-06 17:46:07 +0000 UTC,2017-01-06 17:52:29 +0000 UTC,42.0604573,-87.6744715,"2420 Campus Dr, Evanston, IL 60201, USA",2017-01-06 18:03:35 +0000 UTC,42.0483958,-87.6998138,"1702 Dodge Ave, Evanston, Illinois 60201, US",2.90,5.55,USD
Chicago,Pool,COMPLETED,2017-01-01 19:51:32 +0000 UTC,2017-01-01 19:57:43 +0000 UTC,42.058789,-87.6760063,"Sargent Residence Hall, Evanston, IL 60208, USA",2017-01-01 20:08:05 +0000 UTC,42.0609835,-87.6747254,"2420 Campus Dr, Evanston, Illinois 60201, US",0.82,3.15,USD
Chicago,Pool,COMPLETED,2017-01-01 17:48:09 +0000 UTC,2017-01-01 18:02:52 +0000 UTC,42.0538788,-87.6805541,"714 Foster St, Evanston, IL 60201, USA",2017-01-01 18:10:22 +0000 UTC,42.060888,-87.674715,"2420 Campus Dr, Evanston, Illinois 60201, US",0.95,3.99,USD
Chicago,Pool: MATCHED,COMPLETED,2016-12-28 23:07:36 +0000 UTC,2016-12-28 23:14:46 +0000 UTC,42.0641656,-87.6850465,"1000 Central St, Evanston, IL 60201, USA",2016-12-28 23:18:40 +0000 UTC,42.0539121,-87.6805043,"714 Foster St, Evanston, IL 60201, USA",0.97,2.5,USD
Chicago,Pool,COMPLETED,2016-12-28 21:42:09 +0000 UTC,2016-12-28 21:45:42 +0000 UTC,42.0538463,-87.6805999,"714 Foster St, Evanston, IL 60201, USA",2016-12-28 21:49:37 +0000 UTC,42.0642406,-87.6850213,"1000 Central St, Evanston, Illinois 60201, US",1.03,3.64,USD
Chicago,Pool,COMPLETED,2016-12-22 15:53:31 +0000 UTC,2016-12-22 15:56:13 +0000 UTC,42.0339504,-87.6785874,"550-598 Main St, Evanston, IL 60202, USA",2016-12-22 16:01:38 +0000 UTC,42.0524951,-87.6733848,"Norris University Center, 1999 Campus Dr, Evanston, IL 60208, USA",1.67,4.78,USD
Chicago,Pool,COMPLETED,2016-12-22 15:26:15 +0000 UTC,2016-12-22 15:31:55 +0000 UTC,42.0525495,-87.673383,"1999 Campus Dr, Evanston, IL 60208, USA",2016-12-22 15:38:09 +0000 UTC,42.0339773,-87.6792321,"525 Main St, Evanston, Illinois 60202, US",1.56,4.58,USD
Chicago,Pool: MATCHED,COMPLETED,2016-12-21 20:36:27 +0000 UTC,2016-12-21 20:41:16 +0000 UTC,42.0125113428,-87.7670191695,"5550 W Touhy Ave #303, Skokie, IL 60077, USA",2016-12-21 21:30:57 +0000 UTC,42.0590438135,-87.6737345383,"2311 Campus Dr, Evanston, IL 60208, US",11.06,14.35,USD
Chicago,uberX,COMPLETED,2016-12-21 19:28:36 +0000 UTC,2016-12-21 19:35:00 +0000 UTC,42.0538778611,-87.6807720647,"714 Foster St, Evanston, IL 60201, USA",2016-12-21 20:00:25 +0000 UTC,42.0128696273,-87.7670394537,"5550 W Touhy Ave #303, Skokie, IL 60077, USA",6.94,14.67,USD
Chicago,UberEATS Marketplace,COMPLETED,2016-11-20 03:44:09 +0000 UTC,2016-11-20 03:44:29 +0000 UTC,42.0587265,-87.6754859,,2016-11-20 04:09:21 +0000 UTC,42.0587265,-87.6754859,,0.96,13.81,USD
Chicago,Pool: MATCHED,COMPLETED,2016-11-15 14:28:35 +0000 UTC,2016-11-15 14:38:23 +0000 UTC,42.0569708432,-87.6770893951,"2133 Sheridan Rd, Evanston, IL 60201, USA",2016-11-15 15:05:44 +0000 UTC,42.0125055593,-87.7669187543,"5550 W Touhy Ave #303, Skokie, IL 60077, USA",8.72,13,USD
Chicago,Pool,COMPLETED,2016-11-11 16:07:51 +0000 UTC,2016-11-11 16:11:35 +0000 UTC,42.0125326328,-87.7671267931,"5550 W Touhy Ave, Skokie, IL 60077, USA",2016-11-11 16:34:40 +0000 UTC,42.0587413107,-87.6760289167,"2245 Sheridan Rd, Evanston, IL 60201, USA",7.02,13.02,USD
Chicago,uberX,COMPLETED,2016-11-11 14:43:05 +0000 UTC,2016-11-11 14:49:02 +0000 UTC,42.0588141494,-87.6760220435,Sargent Residence Hall,2016-11-11 15:12:17 +0000 UTC,42.0125074871,-87.7669782658,"5550 W Touhy Ave #303, Skokie, IL 60077, USA",7.46,14.26,USD
Chicago,UberEATS Marketplace,COMPLETED,2016-11-04 04:01:30 +0000 UTC,2016-11-04 04:01:55 +0000 UTC,42.0587265,-87.6754859,,2016-11-04 04:29:26 +0000 UTC,42.0587265,-87.6754859,,3.59,8.45,USD
